Country,Country_Code,Region_Code,Income_Group,IDA,Tax Type,Units (LCU),Jan-19,Feb-19,Mar-19,Apr-19,May-19,Jun-19,Jul-19,Aug-19,Sep-19,Oct-19,Nov-19,Dec-19,Jan-20,Feb-20,Mar-20,Apr-20,May-20,Jun-20,Jul-20
Australia,AUS,EAP,High Income,,Tax Revenue,mill lcu,31008.00,45091.00,34365.00,43880.00,49580.00,26889.00,38243.00,34484.00,29029.00,41189.00,40390.00,36591.00,32523.00,44971.00,34191.00,41665.00,41376.00,17394.00,
Indonesia,IDN,EAP,Lower-Middle Income,IBRD,Tax Revenue,bill lcu,89764.30,87474.20,102704.70,156470.70,132913.30,119617.20,121804.11,109405.79,119103.90,134634.10,138582.70,232855.00,84650.00,93306.00,101929.50,154446.03,91678.47,98917.90,86062.10
Indonesia,IDN,EAP,Lower-Middle Income,IBRD,VAT,bill lcu,29258.50,28180.10,32498.70,39942.00,43427.70,39014.00,37074.95,38617.75,48027.30,51957.40,53164.60,91747.00,30460.00,25490.00,36024.50,40847.60,27167.90,29530.00,29970.00
Malaysia,MYS,EAP,Upper-Middle Income,IBRD,CIT,mill lcu,,,20026.43,,,20526.49,,,18735.48,,,25245.12,,,15911.47,,,9234.29,
Malaysia,MYS,EAP,Upper-Middle Income,IBRD,Customs duties,mill lcu,,,974.46,,,1046.99,,,919.36,,,917.82,,,828.25,,,575.11,
Malaysia,MYS,EAP,Upper-Middle Income,IBRD,Excises,mill lcu,,,2493.46,,,2702.94,,,2685.63,,,2628.74,,,2385.30,,,1319.14,
Malaysia,MYS,EAP,Upper-Middle Income,IBRD,Income Tax,mill lcu,,,28045.21,,,28624.68,,,32252.26,,,34291.60,,,25652.90,,,16742.55,
Malaysia,MYS,EAP,Upper-Middle Income,IBRD,Non-Tax Revenues,mill lcu,,,21914.15,,,18729.48,,,22634.11,,,20570.93,,,6899.50,,,29635.93,
Malaysia,MYS,EAP,Upper-Middle Income,IBRD,Other Taxes,mill lcu,,,3668.05,,,3783.99,,,3721.38,,,4140.84,,,3253.51,,,2115.91,
Malaysia,MYS,EAP,Upper-Middle Income,IBRD,PIT,mill lcu,,,8018.78,,,8098.19,,,13516.78,,,9046.48,,,9741.43,,,7508.26,
Malaysia,MYS,EAP,Upper-Middle Income,IBRD,Tax Revenue,mill lcu,,,41773.65,,,43356.41,,,46141.19,,,49294.83,,,38422.04,,,26813.48,
Malaysia,MYS,EAP,Upper-Middle Income,IBRD,VAT,mill lcu,,,6592.47,,,7197.81,,,6562.58,,,7315.82,,,6302.09,,,6060.77,
Philippines,PHL,EAP,Lower-Middle Income,IBRD,CIT,mill lcu,50156.12,18505.11,22915.49,103082.72,74695.28,20784.43,50144.46,76572.58,17385.14,46015.27,83863.28,23209.74,49907.35,17569.23,15573.37,31306.16,35368.42,114626.53,33341.52
Philippines,PHL,EAP,Lower-Middle Income,IBRD,Customs duties,mill lcu,7107.13,5413.24,5996.48,6233.45,6744.78,5315.17,6378.53,6288.07,6980.16,6488.50,5877.13,4989.79,6769.74,4737.43,5460.06,4957.38,6546.60,7459.13,4908.93
Philippines,PHL,EAP,Lower-Middle Income,IBRD,Excises,mill lcu,32058.99,37771.63,39114.96,38893.11,42167.55,37861.31,37753.89,36958.17,36654.26,39097.74,37279.17,31451.56,31796.09,35379.83,36728.17,15591.47,23044.90,42232.75,45120.15
Philippines,PHL,EAP,Lower-Middle Income,IBRD,Income Tax,mill lcu,89590.44,59300.63,66577.36,148858.01,123935.91,77917.11,89868.80,127891.90,68596.74,83250.06,137364.86,82392.77,95727.89,65184.99,71404.01,61185.20,64379.39,187630.02,69780.63
Philippines,PHL,EAP,Lower-Middle Income,IBRD,Other Taxes,mill lcu,30813.44,18902.15,22176.59,28882.89,20166.45,22425.77,31871.69,22041.76,23337.53,34558.07,26940.86,25405.95,34109.08,19703.53,12355.96,7929.37,15584.02,23533.98,32071.31
Philippines,PHL,EAP,Lower-Middle Income,IBRD,PIT,mill lcu,39434.32,40795.52,43661.87,45775.29,49240.63,57132.68,39724.34,51319.32,51211.60,37234.79,53501.59,59183.03,45820.54,47615.76,55830.64,29879.05,29010.97,73003.49,36439.11
Philippines,PHL,EAP,Lower-Middle Income,IBRD,Tax Revenue,mill lcu,233463.82,179920.81,197345.84,289603.67,263643.72,211495.66,235587.94,260116.60,209905.71,236992.65,282953.85,215699.26,250768.08,187000.07,176338.05,124930.40,145194.46,325454.36,210482.22
Philippines,PHL,EAP,Lower-Middle Income,IBRD,VAT,mill lcu,73893.82,58533.16,63480.45,66736.20,70629.04,67976.30,69715.03,66936.70,74337.02,73598.27,75491.82,71459.19,82365.28,61994.29,50389.86,35266.98,35639.54,64598.49,58601.20
Albania,ALB,ECA,Upper-Middle Income,IBRD,Tax Revenue,mill lcu,33029.51,64590.20,101552.48,140450.44,176917.68,212210.83,249803.01,288460.67,323397.12,361019.98,394409.36,426270.68,34315.48,66979.11,97001.31,123391.12,149689.83,182354.54,219122.66
Bulgaria,BGR,ECA,Upper-Middle Income,IBRD,CIT,mill lcu,15.02,42.27,444.45,543.64,149.75,110.74,,,,,,,15.55,58.91,209.65,275.07,103.56,388.93,
Bulgaria,BGR,ECA,Upper-Middle Income,IBRD,Customs duties,mill lcu,19.89,19.99,19.16,17.86,19.76,18.10,,,,,,,21.40,18.23,15.00,14.75,17.39,17.43,
Bulgaria,BGR,ECA,Upper-Middle Income,IBRD,Excises,mill lcu,408.53,446.05,421.93,441.07,487.90,643.56,,,,,,,489.03,431.00,400.60,419.91,356.51,449.32,
Bulgaria,BGR,ECA,Upper-Middle Income,IBRD,PIT,mill lcu,364.91,279.91,272.20,442.33,335.64,288.66,,,,,,,365.65,308.47,323.69,428.93,326.70,318.89,
Bulgaria,BGR,ECA,Upper-Middle Income,IBRD,Tax Revenue,mill lcu,2207.20,1636.27,1969.38,2350.98,1845.84,1962.30,,,,,,,2269.42,1645.88,1764.20,1978.85,1509.21,1985.96,
Bulgaria,BGR,ECA,Upper-Middle Income,IBRD,VAT,mill lcu,1354.36,841.87,744.41,857.43,849.74,901.22,,,,,,,1329.42,822.47,789.04,787.33,696.71,781.54,
Moldova,MDA,ECA,Lower-Middle Income,Blend,Tax Revenue,mill lcu,4229.70,4204.70,5693.90,5011.40,4832.20,5495.30,5552.30,4855.10,5404.00,5660.20,5699.20,6311.20,4717.00,4848.90,5462.20,3843.10,4380.40,5785.30,5022.40
North Macedonia,MKD,ECA,Upper-Middle Income,IBRD,CIT,mill lcu,841.00,945.00,1645.00,1387.00,872.00,845.00,829.00,965.00,768.00,800.00,760.00,898.00,701.00,777.00,1468.00,1437.00,661.00,699.00,543.00
North Macedonia,MKD,ECA,Upper-Middle Income,IBRD,Customs duties,mill lcu,454.00,460.00,494.00,553.00,448.00,446.00,546.00,494.00,462.00,591.00,510.00,575.00,551.00,615.00,528.00,408.00,388.00,499.00,646.00
North Macedonia,MKD,ECA,Upper-Middle Income,IBRD,Excises,mill lcu,1872.00,1850.00,1406.00,2053.00,2342.00,2513.00,2339.00,2617.00,2235.00,2576.00,2274.00,2010.00,1976.00,1979.00,1246.00,1247.00,1729.00,1616.00,2295.00
North Macedonia,MKD,ECA,Upper-Middle Income,IBRD,Other Taxes,mill lcu,124.00,127.00,190.00,152.00,141.00,209.00,246.00,230.00,208.00,278.00,195.00,189.00,152.00,152.00,112.00,119.00,88.00,93.00,105.00
North Macedonia,MKD,ECA,Upper-Middle Income,IBRD,PIT,mill lcu,1174.00,1358.00,1521.00,1584.00,1658.00,1407.00,1611.00,1416.00,1493.00,1612.00,1564.00,2308.00,1404.00,1486.00,1504.00,1399.00,1232.00,1431.00,1617.00
North Macedonia,MKD,ECA,Upper-Middle Income,IBRD,Tax Revenue,mill lcu,8630.00,8446.00,9509.00,10583.00,9187.00,8784.00,10535.00,10018.00,9633.00,11373.00,9207.00,10824.00,9208.00,8800.00,8394.00,7354.00,6591.00,7449.00,10232.00
North Macedonia,MKD,ECA,Upper-Middle Income,IBRD,VAT,mill lcu,4165.00,3706.00,4253.00,4854.00,3726.00,3364.00,4964.00,4296.00,4467.00,5516.00,3904.00,4844.00,4424.00,3791.00,3536.00,2744.00,2493.00,3111.00,5026.00
Montenegro,MNE,ECA,Upper-Middle Income,IBRD,CIT,mill lcu,0.94,1.96,22.47,20.41,4.78,3.68,3.89,3.09,2.24,0.69,0.88,7.79,0.67,2.40,21.20,24.40,4.69,6.33,
Montenegro,MNE,ECA,Upper-Middle Income,IBRD,Income Tax,mill lcu,5.18,11.32,31.51,31.18,14.99,13.80,14.88,13.57,12.57,11.51,10.87,26.43,4.99,11.92,31.19,31.36,14.80,16.56,
Montenegro,MNE,ECA,Upper-Middle Income,IBRD,PIT,mill lcu,4.24,9.36,9.04,10.77,10.21,10.13,10.99,10.48,10.33,10.82,9.99,18.64,4.32,9.51,9.99,6.96,10.10,10.24,
Montenegro,MNE,ECA,Upper-Middle Income,IBRD,Tax Revenue,mill lcu,72.43,68.47,98.71,106.79,94.37,89.39,115.36,118.82,114.50,101.60,87.47,104.83,73.32,69.68,105.61,83.52,69.75,79.96,
Montenegro,MNE,ECA,Upper-Middle Income,IBRD,VAT,mill lcu,49.85,38.96,50.50,55.14,56.43,52.81,71.63,71.69,70.82,65.91,54.76,57.24,47.78,40.10,54.96,35.57,38.25,42.47,
Turkey,TUR,ECA,Upper-Middle Income,IBRD,CIT,thousands lcu,1078531.00,18190775.00,1419946.00,1984446.00,13699235.00,148125.00,819991.00,17385993.00,713923.00,460882.00,21774250.00,1152886.00,518594.00,25600604.00,949902.00,899854.00,19413148.00,1918632.00,632679.00
Turkey,TUR,ECA,Upper-Middle Income,IBRD,Customs duties,thousands lcu,1091143.00,1135731.00,1324995.00,1275489.00,1684746.00,1207645.00,1771700.00,1305707.00,1660818.00,1725983.00,1450354.00,1825992.00,1528878.00,1677077.00,1845251.00,1199895.00,1453391.00,3213158.00,2476426.00
Turkey,TUR,ECA,Upper-Middle Income,IBRD,Excises,thousands lcu,10582453.00,10513902.00,9317250.00,10544051.00,11698426.00,12147462.00,12198439.00,13876156.00,15493553.00,12656289.00,13989616.00,14116550.00,12929533.00,11851488.00,13359689.00,12941927.00,11167509.00,15237175.00,22018012.00
Turkey,TUR,ECA,Upper-Middle Income,IBRD,Income Taxes,thousands lcu,15703257.00,28012506.00,12896585.00,16232050.00,26310755.00,12116687.00,17454659.00,30149845.00,13512830.00,16278473.00,36140446.00,16724908.00,17840508.00,36047444.00,10525606.00,13012975.00,28444808.00,11143818.00,17123092.00
Turkey,TUR,ECA,Upper-Middle Income,IBRD,Non-Tax Revenues,thousands lcu,41275709.00,9463262.00,13281576.00,8898631.00,11717969.00,10604034.00,35111398.00,27667908.00,10494717.00,10796640.00,9925673.00,12182351.00,54753732.00,14407307.00,10488215.00,16120125.00,12863975.00,10829771.00,10515310.00
Turkey,TUR,ECA,Upper-Middle Income,IBRD,Other Taxes,thousands lcu,12322510.00,5595022.00,5500615.00,6224585.00,5875763.00,5354806.00,10568724.00,6200068.00,6169024.00,7253206.00,7136209.00,8802841.00,15474665.00,7565311.00,6494264.00,5092353.00,4650100.00,7428763.00,12929205.00
Turkey,TUR,ECA,Upper-Middle Income,IBRD,PIT,thousands lcu,14624726.00,9821731.00,11476639.00,14247604.00,12611520.00,11968562.00,16634668.00,12763852.00,12798907.00,15817591.00,14366196.00,15572022.00,17321914.00,10446840.00,9575704.00,12113121.00,9031660.00,9225186.00,16490413.00
Turkey,TUR,ECA,Upper-Middle Income,IBRD,Tax Revenue,thousands lcu,55674824.00,57499122.00,41088165.00,48771083.00,59832917.00,44876671.00,58321960.00,66620442.00,52607319.00,54586149.00,73363289.00,60617777.00,67416464.00,71728728.00,36954498.00,49124611.00,55281223.00,55442616.00,76013824.00
Turkey,TUR,ECA,Upper-Middle Income,IBRD,VAT,thousands lcu,15975461.00,12241961.00,12048720.00,14494908.00,14263227.00,14050071.00,16328438.00,15088666.00,15771094.00,16672198.00,14646664.00,19147486.00,19642880.00,14587408.00,4729688.00,16877461.00,9565415.00,18419702.00,21467089.00
Kosovo,XKX,ECA,Lower-Middle Income,Gap,Tax Revenue,mill lcu,126.15,99.06,117.54,161.61,136.60,114.16,178.50,149.51,138.91,163.73,120.92,155.36,139.15,108.48,104.82,90.64,116.11,124.73,
"Egypt, Arab Rep.",EGY,MENA,Lower-Middle Income,IBRD,Tax Revenue,mill lcu,53671.27,54468.00,56335.00,81861.00,66113.00,,39049.00,,,,,,63003.10,56184.00,51551.00,70854.00,56017.00,,38620.00
Jordan,JOR,MENA,Upper-Middle Income,IBRD,Tax Revenue,mill lcu,488.60,279.70,279.80,552.40,310.70,263.30,488.50,,,,,,505.10,380.00,279.70,385.10,,,
Lebanon,LBN,MENA,Upper-Middle Income,IBRD,Tax Revenue,bill lcu,1361.00,817.00,805.00,1126.00,1248.00,1618.00,1397.00,,,,,,1218.00,784.00,609.00,674.00,,,
Morocco,MAR,MENA,Lower-Middle Income,IBRD,CIT,mill lcu,1597.00,2256.00,14904.00,15765.00,16936.00,25496.00,27337.00,,,,,,1784.00,2451.00,14628.00,15448.00,16485.00,25671.00,27542.00
Morocco,MAR,MENA,Lower-Middle Income,IBRD,Excises,mill lcu,2625.00,4528.00,7233.00,9611.00,11354.00,13530.00,16330.00,,,,,,2268.00,4779.00,7002.00,8392.00,9681.00,11591.00,13669.00
Morocco,MAR,MENA,Lower-Middle Income,IBRD,Income Tax,mill lcu,6250.00,10693.00,28783.00,34973.00,39666.00,51408.00,57251.00,,,,,,6523.00,11412.00,29072.00,32961.00,37145.00,49818.00,55362.00
Morocco,MAR,MENA,Lower-Middle Income,IBRD,PIT,mill lcu,4510.00,8132.00,11490.00,16636.00,19945.00,22789.00,26477.00,,,,,,4613.00,8660.00,11961.00,14960.00,18034.00,21261.00,24798.00
Morocco,MAR,MENA,Lower-Middle Income,IBRD,Tax Revenue,mill lcu,18362.00,31681.00,59659.00,75754.00,89736.00,110804.00,127299.00,,,,,,19922.00,35043.00,61904.00,72703.00,82618.00,102593.00,116892.00
Morocco,MAR,MENA,Lower-Middle Income,IBRD,VAT,mill lcu,5516.00,10552.00,15862.00,21620.00,27173.00,32333.00,38178.00,,,,,,6853.00,12435.00,17631.00,22178.00,25770.00,29888.00,34876.00
Canada,CAN,NAM,High Income,,Tax Revenue,mill lcu,23907.00,26979.00,21474.00,24103.00,22747.00,23578.00,23186.00,20562.00,23275.00,21904.00,22527.00,26729.00,24783.00,26599.00,20172.00,16890.00,13138.00,18595.00,
United States,USA,NAM,High Income,,CIT,mill lcu,6754.00,-669.00,8793.00,44688.00,411.00,51269.00,6967.00,-1396.00,60318.00,6571.00,532.00,58311.00,10492.00,-2041.00,10390.00,3940.00,-1795.00,5707.00,67991.00
United States,USA,NAM,High Income,,Customs duties,mill lcu,6628.00,5076.00,5163.00,5237.00,4934.00,5606.00,6473.00,7005.00,6833.00,7757.00,6940.00,6449.00,6918.00,6286.00,4815.00,4114.00,3833.00,4480.00,5013.00
United States,USA,NAM,High Income,,Excises,mill lcu,6776.00,5353.00,7841.00,7093.00,7593.00,7110.00,7868.00,7866.00,11986.00,6036.00,7513.00,7017.00,6308.00,6685.00,6415.00,353.00,2701.00,3678.00,6226.00
United States,USA,NAM,High Income,,Income Tax,mill lcu,203890.00,55992.00,106029.00,377497.00,104103.00,192418.00,134394.00,104586.00,243290.00,132960.00,106296.00,211017.00,227152.00,67585.00,108706.00,79197.00,45965.00,97823.00,441097.00
United States,USA,NAM,High Income,,Other Taxes,mill lcu,7622.00,5618.00,7353.00,10589.00,8354.00,8072.00,8764.00,12686.00,8289.00,8951.00,7700.00,8227.00,10867.00,7476.00,8966.00,18752.00,9607.00,8588.00,12623.00
United States,USA,NAM,High Income,,PIT,mill lcu,197136.00,56661.00,97236.00,332809.00,103692.00,141149.00,127427.00,105982.00,182972.00,126389.00,105764.00,152706.00,216660.00,69626.00,98316.00,75257.00,47760.00,92116.00,373106.00
United States,USA,NAM,High Income,,Tax Revenue,mill lcu,224916.00,72039.00,126386.00,400416.00,124984.00,213206.00,157499.00,132143.00,270398.00,155704.00,128449.00,232710.00,251245.00,88032.00,128902.00,102416.00,62106.00,114569.00,464959.00
Afghanistan,AFG,SA,Low Income,IDA,Tax Revenue,mill lcu,7557.61,6179.73,6575.62,7891.02,6300.52,7226.82,7857.44,5166.56,5540.68,8310.50,6955.75,9041.82,6207.47,5847.06,6878.97,5502.50,4552.91,4146.16,4636.09
Bangladesh,BGD,SA,Lower-Middle Income,Gap,Tax Revenue,bill lcu,185.69,165.16,196.67,193.08,201.87,297.40,155.45,140.32,175.86,174.40,182.06,213.49,198.82,185.73,200.63,87.35,131.45,292.15,
India,IND,SA,Lower-Middle Income,IBRD,CIT,bill lcu,272.08,206.76,1882.07,123.76,-112.50,695.14,177.41,227.85,1381.61,234.29,158.46,809.31,237.16,253.05,1383.22,195.14,-25.33,372.31,-4.88
India,IND,SA,Lower-Middle Income,IBRD,Customs duties,bill lcu,104.54,91.88,12.41,131.05,151.24,112.51,122.39,103.12,98.07,-73.79,114.74,92.21,106.06,92.12,41.99,39.34,56.33,58.49,83.31
India,IND,SA,Lower-Middle Income,IBRD,Income Tax,bill lcu,547.04,514.64,2894.13,520.92,95.90,1058.85,495.66,595.33,1856.65,548.19,393.81,1306.54,584.91,611.77,2303.64,464.92,62.15,636.28,286.33
India,IND,SA,Lower-Middle Income,IBRD,PIT,bill lcu,274.96,307.88,1012.06,397.16,208.40,363.71,318.25,367.48,475.04,313.90,235.35,497.23,347.75,358.72,920.42,269.78,87.48,263.97,291.21
India,IND,SA,Lower-Middle Income,IBRD,Tax Revenue,bill lcu,830.45,747.98,2233.06,716.46,438.46,1362.98,873.66,660.13,2030.83,766.81,673.60,1546.29,932.84,1168.61,2421.38,215.18,125.15,1016.10,683.48
India,IND,SA,Lower-Middle Income,IBRD,VAT,bill lcu,1025.03,972.47,1065.77,1138.65,1002.89,999.39,1020.83,982.02,919.17,953.80,1034.91,1031.84,1108.18,1053.66,975.97,321.72,621.51,909.17,874.22
Sri Lanka,LKA,SA,Lower-Middle Income,IBRD,Tax Revenue,bill lcu,,,,551.53,,,,,,,,,,,,408.48,,,
Pakistan,PAK,SA,Lower-Middle Income,Blend,Tax Revenue,bill lcu,272.40,264.30,370.90,277.60,330.10,518.40,277.00,292.00,375.00,320.00,325.00,463.00,321.00,318.00,325.00,256.68,227.00,411.00,300.00
Ghana,GHA,SSA,Lower-Middle Income,Gap,CIT,lcu,548050187.92,459187328.07,736590121.02,989701752.61,527876341.63,1023803685.20,616162431.79,458600303.34,1124422309.71,,,,932845129.69,241344058.51,824012763.86,879712344.67,645144413.21,1016766715.69,
Ghana,GHA,SSA,Lower-Middle Income,Gap,Customs duties,lcu,514048559.67,454132444.83,473928536.42,447133058.36,466428001.18,414642019.41,448640042.59,423520424.54,396233343.38,,,,424259550.58,182509890.73,222935656.41,304276695.82,521651634.34,341600000.00,
Ghana,GHA,SSA,Lower-Middle Income,Gap,Excises,lcu,314701555.82,246445575.01,371190721.56,342809047.25,352277835.63,253858533.08,391058974.84,333488325.14,281317647.00,,,,421506011.68,352831675.75,243613396.45,245834676.20,110464387.39,34528186.04,
Ghana,GHA,SSA,Lower-Middle Income,Gap,PIT,lcu,891307994.06,528344050.31,490473228.94,1009359119.70,1050216966.58,670382584.83,1162590793.49,1129674149.13,779051560.92,,,,981476175.39,877723531.98,931448063.94,1499232353.29,793348727.34,678995312.23,
Ghana,GHA,SSA,Lower-Middle Income,Gap,Tax Revenue,lcu,3098878375.28,2580503782.26,3031863005.03,3770303347.82,3261020495.19,3040580627.80,3454569584.05,3295175027.03,3465239271.66,,,,3724815661.00,2251120040.94,2810905461.37,3615065271.50,3005187829.95,2588999336.98,
Ghana,GHA,SSA,Lower-Middle Income,Gap,VAT,lcu,1070162625.18,1043283246.08,1116200211.25,1169790716.51,1038316897.97,847021513.62,1043887927.18,1105241677.67,1057623290.24,,,,1164122873.36,718092589.95,724700591.39,890218250.86,1086830663.23,727430642.13,
Ghana,GHA,SSA,Lower-Middle Income,Gap,VAT1,lcu,760233332.21,728920837.72,801484879.22,789105598.57,723436245.22,585717006.11,708390052.41,756426723.55,745717573.57,,,,795727333.96,483354035.96,538615955.10,605530850.11,739195122.78,480710480.49,
Kenya,KEN,SSA,Lower-Middle Income,Blend,Tax Revenue,lcu,,,352330.00,,,440744.00,,,394014.00,,,408115.00,,,363435.00,,,349294.00,
Nigeria,NGA,SSA,Lower-Middle Income,Blend,Tax Revenue,bill lcu,,,1046.89,,,1400.61,,,1564.57,,,1251.03,,,1190.29,,,1288.36,
Nigeria,NGA,SSA,Lower-Middle Income,Blend,VAT,bill lcu,,,293.04,,,311.94,,,275.12,,,308.48,,,325.91,,,327.20,
Sierra Leone,SLE,SSA,Low Income,IDA,Customs duties,mill lcu,53862.35,63666.54,55064.14,51967.71,64890.58,52521.65,57862.72,62263.79,48066.83,57503.65,86186.95,57218.17,59404.40,47281.94,49238.08,43106.83,50575.70,49153.63,59706.76
Sierra Leone,SLE,SSA,Low Income,IDA,Excises,mill lcu,39223.36,54674.48,63446.39,51457.29,64740.50,23244.34,46231.41,39731.41,49070.14,54884.27,53541.18,62585.11,59775.60,44758.06,53681.92,36883.17,39914.30,66296.37,51793.24
Sierra Leone,SLE,SSA,Low Income,IDA,Income Tax,mill lcu,128313.79,124455.13,193319.00,170582.58,138683.21,206038.62,134015.51,149561.49,183939.33,134860.33,113341.83,198917.20,149539.55,127894.75,187296.03,140035.68,126379.87,217597.51,160387.41
Sierra Leone,SLE,SSA,Low Income,IDA,Tax Revenue,mill lcu,307212.59,315089.40,396346.01,353880.59,371495.15,363074.40,321010.20,339724.10,367060.88,327608.91,349146.95,408969.74,354549.55,295084.75,375496.03,289155.68,292139.87,407517.51,364647.41
Sierra Leone,SLE,SSA,Low Income,IDA,VAT,mill lcu,85813.09,72293.25,84516.47,79873.02,103180.86,81269.79,82900.55,88167.41,85984.58,80360.66,96076.99,90249.26,85830.00,75150.00,85280.00,69130.00,75270.00,74470.00,92760.00
South Africa,ZAF,SSA,Upper-Middle Income,IBRD,PIT,bill lcu,41.78,39.69,44.30,44.30,41.00,41.03,41.10,41.64,42.40,43.70,42.09,46.00,45.30,42.20,47.50,41.69,37.26,,
South Africa,ZAF,SSA,Upper-Middle Income,IBRD,Tax Revenue,bill lcu,75.79,135.06,134.72,73.56,97.48,147.18,74.60,118.28,118.31,84.12,95.93,160.73,91.01,144.78,139.47,61.88,67.97,108.18,64.03
South Africa,ZAF,SSA,Upper-Middle Income,IBRD,VAT,bill lcu,35.18,29.87,31.30,32.11,32.79,31.10,33.22,32.07,33.88,32.59,34.20,34.61,37.95,32.00,32.76,30.73,23.63,,
Germany,DEU,WER,High Income,,Business Taxes,mill lcu,-40.00,149.00,11.00,1781.00,331.00,0.00,1928.00,292.00,0.00,1634.00,272.00,1753.00,69.00,170.00,6.00,975.00,197.00,-2.00,650.00
Germany,DEU,WER,High Income,,CIT,mill lcu,327.00,-33.00,8899.00,-43.00,-38.00,8166.00,-39.00,71.00,7574.00,-144.00,-622.00,7893.00,1071.00,11.00,7412.00,-2481.00,-225.00,5054.00,-262.00
Germany,DEU,WER,High Income,,Income Tax,mill lcu,22716.00,18355.00,41924.00,20309.00,19581.00,48733.00,21403.00,18228.39,40248.00,17560.00,17839.00,37349.00,25542.00,19517.00,41261.00,16251.00,15507.00,38170.00,21773.00
Germany,DEU,WER,High Income,,Other Taxes,mill lcu,6770.00,11381.00,12348.00,10016.00,11170.00,11526.00,10751.00,11158.00,11231.00,10821.00,10529.00,17698.00,6042.00,12576.00,11885.00,9999.00,9363.00,10485.00,10647.00
Germany,DEU,WER,High Income,,PIT,mill lcu,22389.00,18388.00,33025.00,20352.00,19619.00,40567.00,21442.00,18157.39,32674.00,17704.00,18461.00,29456.00,24471.00,19506.00,33849.00,18732.00,15732.00,33116.00,22035.00
Germany,DEU,WER,High Income,,Tax Revenue,mill lcu,48698.00,54822.00,70496.00,50401.00,51981.00,80165.00,53098.00,50804.39,72394.00,49419.00,50636.00,78096.00,51037.00,58477.00,67613.00,38648.00,41572.00,64987.00,53015.00
Germany,DEU,WER,High Income,,VAT,mill lcu,19252.00,24937.00,16213.00,18295.00,20899.00,19906.00,19016.00,21126.00,20915.00,19404.00,21996.00,21296.00,19384.00,26214.00,14461.00,11423.00,16505.00,16334.00,19945.00
Spain,ESP,WER,High Income,,CIT,mill lcu,-4282.00,-239.00,-582.00,5145.00,1172.00,394.00,774.00,5855.00,202.00,11613.00,-224.00,3903.00,-3614.00,-698.00,52.00,1572.00,532.00,-153.00,
Spain,ESP,WER,High Income,,Other Taxes,mill lcu,703.00,587.00,608.00,979.00,778.00,737.00,976.00,618.00,848.00,689.00,869.00,874.00,786.00,888.00,388.00,804.00,723.00,524.00,
Spain,ESP,WER,High Income,,PIT,mill lcu,12103.00,5230.00,4617.00,6144.00,5062.00,2470.00,18976.00,5131.00,4111.00,9764.00,7926.00,5359.00,12661.00,5784.00,5114.00,5343.00,4247.00,2301.00,
Spain,ESP,WER,High Income,,Special Taxes,mill lcu,1648.00,1738.00,1564.00,1841.00,1755.00,1819.00,1803.00,2028.00,1853.00,1830.00,1859.00,1642.00,1736.00,1811.00,1633.00,1698.00,945.00,1205.00,
Spain,ESP,WER,High Income,,Tax Revenue,mill lcu,13538.00,20356.00,9508.00,20887.00,14483.00,8685.00,32717.00,17864.00,11184.00,33888.00,14743.00,14955.00,14770.00,21214.00,11019.00,14213.00,10482.00,6103.00,
Spain,ESP,WER,High Income,,VAT,mill lcu,3366.00,13040.00,3301.00,6778.00,5716.00,3265.00,10188.00,4232.00,4170.00,9992.00,4313.00,3177.00,3201.00,13429.00,3832.00,4796.00,4035.00,2226.00,
France,FRA,WER,High Income,,CIT,mill lcu,-228.00,-464.00,8829.00,7189.00,4754.00,11847.00,8071.00,6686.00,18031.00,16729.00,15214.00,33466.00,-575.00,-1470.00,6073.00,,,,
France,FRA,WER,High Income,,Excises,mill lcu,1256.00,1188.00,2260.00,3292.00,4343.00,5398.00,6521.00,7800.00,8579.00,9659.00,11264.00,13378.00,132.00,974.00,2279.00,,,,
France,FRA,WER,High Income,,Income Tax,mill lcu,-3161.00,2839.00,19460.00,25453.00,30360.00,44216.00,40292.00,45905.00,67332.00,73594.00,79908.00,105209.00,1429.00,7160.00,21212.00,,,,
France,FRA,WER,High Income,,Non-Tax Revenues,mill lcu,385.00,733.00,1346.00,1853.00,2720.00,7500.00,7969.00,8399.00,9338.00,9879.00,10434.00,13967.00,458.00,2890.00,3352.00,,,,
France,FRA,WER,High Income,,Other Taxes,mill lcu,3213.00,5357.00,7627.00,12408.00,15517.00,20641.00,25531.00,28702.00,27105.00,33211.00,30552.00,33726.00,3459.00,6137.00,8101.00,,,,
France,FRA,WER,High Income,,PIT,mill lcu,-2933.00,3303.00,10631.00,18264.00,25606.00,32369.00,32221.00,39219.00,49301.00,56865.00,64694.00,71743.00,2004.00,8630.00,15139.00,,,,
France,FRA,WER,High Income,,Tax Revenue,mill lcu,32160.00,24921.00,35529.00,30940.00,35427.00,41154.00,34481.00,27232.00,46543.00,33118.00,30617.00,49230.00,34304.00,24658.00,33772.00,26049.00,29077.00,40420.00,
France,FRA,WER,High Income,,VAT,mill lcu,17445.00,26252.00,34528.00,45125.00,55910.00,64932.00,76447.00,86819.00,97052.00,106485.00,118634.00,128977.00,15417.00,22571.00,26271.00,,,,
United Kingdom,GBR,WER,High Income,,CIT,mill lcu,9747.63,2016.38,2172.90,7283.85,2188.30,2808.25,9139.84,2127.80,3957.07,8498.92,2141.70,6105.01,8575.02,1877.89,6523.93,3265.00,836.73,4743.66,2960.94
United Kingdom,GBR,WER,High Income,,Customs duties,mill lcu,263.20,300.30,270.25,260.60,258.30,269.90,265.60,290.80,301.00,316.20,308.70,263.00,237.80,276.00,233.50,208.20,194.40,192.90,208.70
United Kingdom,GBR,WER,High Income,,Excises,mill lcu,5052.55,5918.40,4278.46,5432.55,6005.54,4745.75,5667.09,6326.85,4890.95,5518.48,6302.20,4998.95,5589.55,5511.55,3839.53,4346.59,3841.19,3898.57,4914.21
United Kingdom,GBR,WER,High Income,,Income Taxes,mill lcu,44892.14,21405.36,17503.84,25635.00,15547.34,15849.34,31983.55,16419.73,16473.68,21446.08,14514.24,19813.05,45082.10,21412.67,21299.52,17851.98,12143.75,17600.86,21465.69
United Kingdom,GBR,WER,High Income,,Other Taxes,mill lcu,2953.20,1775.34,2049.02,3055.47,1844.13,1706.96,3379.45,2070.07,1938.62,3191.99,2001.65,2337.74,2869.93,1856.74,2443.93,2517.18,1225.42,1841.77,2331.69
United Kingdom,GBR,WER,High Income,,PIT,mill lcu,35144.51,19388.98,15330.94,18351.15,13359.04,13041.09,22843.71,14291.93,12516.61,12947.16,12372.54,13708.03,36507.08,19534.77,14775.59,14586.98,11307.03,12857.20,18504.75
United Kingdom,GBR,WER,High Income,,Tax Revenue,mill lcu,66862.27,42772.83,32036.02,47424.93,34649.80,30690.11,54935.45,37553.30,31858.26,44041.94,36158.08,35035.17,68255.22,41642.91,30178.98,25821.10,18039.85,24612.48,39664.10
United Kingdom,GBR,WER,High Income,,VAT,mill lcu,13701.17,13373.43,7934.46,13041.31,10994.48,8118.17,13639.76,12445.85,8254.01,13569.19,13031.28,7622.43,14475.84,12585.95,2362.49,897.15,635.08,1078.37,10743.81
Italy,ITA,WER,High Income,,Tax Revenue,mill lcu,34510.41,28936.21,28722.67,30363.22,34120.05,32653.79,46462.39,41396.69,28038.86,39066.81,42277.05,94154.76,35919.44,31558.54,27453.24,24159.51,24648.26,26159.82,43801.17
Mexico,MEX,LAC,Upper-Middle Income,IBRD,Customs duties,mill lcu,6272.16,5540.58,5023.45,5187.22,5363.92,4572.46,5630.98,5653.16,5890.87,5770.44,4974.15,4861.24,5336.79,4885.36,4342.23,4287.01,4503.27,4148.15,
Mexico,MEX,LAC,Upper-Middle Income,IBRD,Excises,mill lcu,46313.56,41462.63,36538.71,35127.69,37103.39,37163.16,37355.07,45985.86,35394.45,39992.57,38017.38,40538.49,63363.14,34460.49,36266.33,35533.52,28053.29,32423.23,
Mexico,MEX,LAC,Upper-Middle Income,IBRD,Income Tax,mill lcu,172098.32,134703.63,157493.07,204444.08,118176.22,140435.46,124202.46,121501.23,125932.50,115814.62,119819.00,153209.50,178972.67,135828.83,227795.39,154114.86,124189.39,147545.81,
Mexico,MEX,LAC,Upper-Middle Income,IBRD,Other Taxes,mill lcu,3148.53,2529.36,3453.94,3973.72,3321.29,6719.97,3860.17,3789.88,3369.91,4055.89,3165.19,4372.40,3805.14,3818.26,8100.77,5278.77,7151.41,4835.74,
Mexico,MEX,LAC,Upper-Middle Income,IBRD,Tax Revenue,mill lcu,318497.36,259254.14,280244.87,315547.05,252267.24,268288.59,264157.78,244371.08,242879.76,239800.33,236214.45,281128.08,364600.68,263752.94,376379.64,273116.76,221602.19,249386.01,255377.80
Mexico,MEX,LAC,Upper-Middle Income,IBRD,Total Revenue,mill lcu,445993.21,406481.34,442900.61,490973.48,413089.04,423061.33,427248.07,427820.58,498686.50,391277.71,473869.83,543582.59,540290.01,394830.13,527806.93,406332.29,326882.93,406897.96,395152.93
Mexico,MEX,LAC,Upper-Middle Income,IBRD,VAT,mill lcu,90664.78,75017.94,77735.69,66814.34,88302.42,79397.53,93109.09,67440.95,72292.02,74166.81,70238.74,78146.44,113122.95,84760.00,99874.92,73902.59,57704.83,60433.08,
Mozambique,MOZ,SSA,Low Income,IDA,Tax Revenue,mill lcu,,,45216.10,,,51997.80,,,,,,,,,50201.80,,,49685.80,
ANGUILLA,AIA,LAC,High Income,,Capital Revenue,mill lcu,0.00,0.00,0.00,0.00,0.00,0.00,0.00,0.00,0.00,0.00,0.00,0.00,0.02,0.00,0.53,0.33,-0.06,0.00,
ANGUILLA,AIA,LAC,High Income,,Total Revenue,mill lcu,24.61,19.55,21.45,20.91,22.78,17.44,24.72,16.07,15.67,16.06,15.37,19.44,24.19,19.55,10.41,11.88,11.45,12.29,
ANGUILLA,AIA,LAC,High Income,,Non-tax Revenue,mill lcu,3.79,2.44,3.56,2.27,2.52,3.45,4.02,2.40,3.02,3.01,2.68,3.09,2.78,2.44,1.45,2.11,2.11,2.84,
ANGUILLA,AIA,LAC,High Income,,Tax Revenue,mill lcu,20.82,17.11,17.89,18.64,20.26,13.98,20.69,13.67,12.65,13.05,12.69,16.36,21.41,17.11,8.96,9.77,9.34,9.44,
ANGUILLA,AIA,LAC,High Income,,VAT,mill lcu,10.05,8.13,7.60,8.13,5.80,4.31,10.33,4.27,4.52,3.27,2.86,4.88,12.20,8.13,2.88,4.05,2.97,2.26,
ANGUILLA,AIA,LAC,High Income,,Income Taxes,mill lcu,1.42,1.22,1.43,1.47,1.63,1.35,1.53,1.44,1.48,1.40,1.06,1.42,1.45,1.22,1.38,1.07,0.99,0.84,
ANGUILLA,AIA,LAC,High Income,,Tax Revenue - Taxes on Property,mill lcu,0.34,0.15,0.14,0.24,3.84,0.99,0.35,0.77,0.59,0.26,0.27,0.51,0.23,0.15,0.16,0.34,1.14,0.58,
ANGUILLA,AIA,LAC,High Income,,Tax Revenue -Taxes on International Trade and Transactions,mill lcu,9.01,7.62,8.72,8.80,8.99,7.33,8.48,7.20,6.06,8.11,8.49,9.55,,7.61,4.54,4.32,4.23,5.77,
ANGUILLA,AIA,LAC,High Income,,Taxes on Goods and Services – Accommodation Tax,mill lcu,4.12,4.14,3.22,4.35,2.68,2.09,1.95,2.08,1.66,0.63,0.61,2.67,6.94,4.14,1.43,1.97,0.44,0.40,
ANGUILLA,AIA,LAC,High Income,,Taxes on Goods and Services – Licenses,mill lcu,3.67,2.02,1.69,1.57,1.13,0.94,1.30,0.95,0.82,1.02,1.02,0.85,3.48,2.02,1.22,0.82,0.83,0.91,
ANGUILLA,AIA,LAC,High Income,,Taxes on Goods and Services – Stamp Duties,mill lcu,0.38,0.48,1.21,0.72,0.61,0.13,1.83,0.32,0.78,0.80,0.34,0.38,0.56,0.48,0.08,0.08,0.95,0.22,
ANGUILLA,AIA,LAC,High Income,,Customs Duties,mill lcu,7.06,5.97,6.81,6.91,7.09,5.61,6.67,5.64,4.67,4.03,3.99,4.27,3.33,5.96,2.08,1.78,1.90,2.58,
ANTIGUA AND BARBUDA,ATG,LAC,High Income,IBRD,Capital Revenue,mill lcu,0.00,0.17,0.81,0.23,0.57,0.20,0.17,0.18,0.28,0.18,0.13,0.22,0.36,0.13,0.10,0.07,0.47,0.12,
ANTIGUA AND BARBUDA,ATG,LAC,High Income,IBRD,Total Revenue,mill lcu,70.54,52.46,72.42,87.57,83.50,67.09,76.42,59.42,63.66,67.60,61.60,83.74,94.18,59.22,93.55,50.50,45.28,50.90,
ANTIGUA AND BARBUDA,ATG,LAC,High Income,IBRD,Non-tax Revenue,mill lcu,14.99,8.66,11.66,12.99,17.92,13.97,15.51,18.13,17.81,17.72,12.62,11.81,23.93,6.92,9.79,10.84,11.25,9.43,
ANTIGUA AND BARBUDA,ATG,LAC,High Income,IBRD,Non-tax Revenue – Citizenship by Investment,mill lcu,9.38,5.87,8.04,7.30,11.08,7.71,11.15,13.03,14.05,11.33,7.07,6.20,6.48,4.13,5.52,8.23,8.22,8.26,
ANTIGUA AND BARBUDA,ATG,LAC,High Income,IBRD,Tax Revenue,mill lcu,55.55,43.79,60.76,74.58,65.58,53.12,60.92,41.29,45.85,49.88,48.98,71.94,70.24,52.30,83.75,39.66,34.03,41.48,
ANTIGUA AND BARBUDA,ATG,LAC,High Income,IBRD,VAT,mill lcu,26.44,18.90,26.94,35.89,29.10,22.11,32.86,19.00,23.34,14.82,23.20,32.96,35.27,24.60,35.37,17.02,11.79,16.86,
ANTIGUA AND BARBUDA,ATG,LAC,High Income,IBRD,Income Taxes,mill lcu,9.98,2.21,8.57,10.33,10.32,4.56,6.54,2.31,2.85,12.71,2.58,6.16,13.78,4.75,21.77,4.07,5.68,4.63,
ANTIGUA AND BARBUDA,ATG,LAC,High Income,IBRD,Tax Revenue - Taxes on Property,mill lcu,1.11,1.69,3.27,4.58,4.58,7.19,1.12,1.12,0.59,0.96,0.67,1.71,1.84,1.53,2.71,1.71,3.12,1.70,
ANTIGUA AND BARBUDA,ATG,LAC,High Income,IBRD,Tax Revenue -Taxes on International Trade and Transactions,mill lcu,18.02,21.00,21.97,23.79,21.58,19.26,20.39,18.86,19.06,21.39,22.53,31.11,19.35,21.41,23.91,16.86,13.45,18.29,
ANTIGUA AND BARBUDA,ATG,LAC,High Income,IBRD,Taxes on Goods and Services – Sales Tax,mill lcu,23.45,15.42,20.68,32.06,24.75,15.87,25.82,15.89,20.50,9.21,19.49,29.42,30.86,20.62,31.10,15.59,9.27,12.30,
ANTIGUA AND BARBUDA,ATG,LAC,High Income,IBRD,Taxes on Goods and Services – Stamp Duties,mill lcu,2.06,2.71,5.59,3.03,3.14,5.54,6.09,2.44,1.87,4.81,3.05,2.91,2.31,3.02,1.63,0.90,1.22,3.01,
ANTIGUA AND BARBUDA,ATG,LAC,High Income,IBRD,Taxes on Income and Profits – Corporation Tax,mill lcu,9.75,2.20,8.56,10.30,10.30,4.54,6.44,2.22,2.77,12.71,2.57,6.16,13.72,4.75,21.77,3.96,5.67,4.57,
ANTIGUA AND BARBUDA,ATG,LAC,High Income,IBRD,Taxes on Income and Profits – Personal Income Tax,mill lcu,0.23,0.00,0.01,0.03,0.02,0.02,0.10,0.09,0.08,0.00,0.01,0.00,0.07,0.01,0.00,0.11,0.01,0.06,
ANTIGUA AND BARBUDA,ATG,LAC,High Income,IBRD,Taxes on International Trade and Transactions – Consumption Tax,mill lcu,2.34,5.84,6.08,6.45,4.93,4.87,3.83,5.02,5.47,4.95,5.62,8.75,3.57,6.17,5.63,6.34,3.30,7.22,
ANTIGUA AND BARBUDA,ATG,LAC,High Income,IBRD,Customs Duties,mill lcu,7.94,7.49,8.11,8.87,8.13,7.23,8.51,6.68,6.75,8.44,8.73,11.31,8.06,7.89,9.31,5.10,4.89,5.76,
DOMINICA,DMA,LAC,Upper-Middle Income,Blend,Capital Revenue,mill lcu,0.00,0.00,0.00,0.00,0.00,0.00,0.76,0.02,0.18,0.03,0.00,0.00,0.00,0.02,0.01,0.00,0.03,0.00,
DOMINICA,DMA,LAC,Upper-Middle Income,Blend,Total Revenue,mill lcu,42.94,47.52,48.26,61.93,54.38,114.25,48.72,43.03,40.42,40.09,40.49,32.87,42.76,27.84,43.11,29.63,88.53,44.53,
DOMINICA,DMA,LAC,Upper-Middle Income,Blend,Non-tax Revenue,mill lcu,9.87,12.23,13.50,10.03,11.94,86.57,9.35,9.70,6.22,4.18,5.13,1.37,10.29,3.72,13.93,8.03,71.11,10.54,
DOMINICA,DMA,LAC,Upper-Middle Income,Blend,Non-tax Revenue – Citizenship by Investment,mill lcu,7.82,9.95,10.56,6.98,8.53,81.55,7.37,4.53,4.95,2.81,2.70,0.05,8.28,2.85,12.92,7.71,70.30,9.21,
DOMINICA,DMA,LAC,Upper-Middle Income,Blend,Tax Revenue,mill lcu,33.07,35.29,34.76,51.90,42.44,27.68,39.37,33.33,34.20,35.91,35.36,31.51,32.47,24.12,29.18,21.60,17.42,34.00,
DOMINICA,DMA,LAC,Upper-Middle Income,Blend,VAT,mill lcu,20.28,20.08,19.33,21.01,20.92,23.17,23.22,20.86,19.00,20.66,16.76,18.87,20.43,13.14,17.58,13.14,10.80,16.39,
DOMINICA,DMA,LAC,Upper-Middle Income,Blend,Income Taxes,mill lcu,3.32,5.24,5.86,19.48,12.63,-3.86,6.22,3.45,5.69,5.12,9.11,3.43,3.46,3.99,4.70,3.42,2.56,12.53,
DOMINICA,DMA,LAC,Upper-Middle Income,Blend,Tax Revenue - Taxes on Property,mill lcu,0.65,0.50,0.78,1.47,1.01,0.61,0.62,0.74,0.73,1.34,1.95,0.92,0.78,0.71,0.50,0.23,0.36,0.52,
DOMINICA,DMA,LAC,Upper-Middle Income,Blend,Tax Revenue -Taxes on International Trade and Transactions,mill lcu,8.83,9.47,8.80,9.95,7.89,7.76,9.31,8.29,8.78,8.78,7.54,8.28,7.80,6.28,6.39,4.82,3.71,4.56,
DOMINICA,DMA,LAC,Upper-Middle Income,Blend,Taxes on Goods and Services – Licenses,mill lcu,2.46,1.76,1.46,1.89,1.59,1.40,1.53,3.33,1.21,2.59,1.18,1.54,2.80,1.45,1.36,0.63,1.36,1.49,
DOMINICA,DMA,LAC,Upper-Middle Income,Blend,Taxes on Goods and Services – Value Added Tax,mill lcu,14.16,12.65,13.25,13.99,13.48,17.95,15.41,13.18,13.44,12.78,12.78,12.86,11.67,8.50,12.41,9.39,6.93,11.09,
DOMINICA,DMA,LAC,Upper-Middle Income,Blend,Taxes on Income and Profits – Corporation Tax,mill lcu,0.82,3.43,3.11,17.14,11.71,3.48,4.19,1.25,3.86,3.06,6.81,1.35,1.27,2.15,2.30,1.59,0.82,10.19,
DOMINICA,DMA,LAC,Upper-Middle Income,Blend,Taxes on Income and Profits – Personal Income Tax,mill lcu,2.64,2.09,3.26,2.84,2.27,2.21,2.08,2.59,1.97,2.13,2.41,2.08,2.30,2.09,2.77,2.38,2.16,2.75,
DOMINICA,DMA,LAC,Upper-Middle Income,Blend,Taxes on International Trade and Transactions – Customs Service Charge,mill lcu,2.63,2.51,2.54,3.15,1.81,2.71,2.68,2.62,2.72,2.29,2.20,2.19,2.15,1.47,1.74,0.80,1.09,1.28,
DOMINICA,DMA,LAC,Upper-Middle Income,Blend,Customs Duties,mill lcu,4.38,4.25,4.17,4.44,4.17,3.57,4.76,3.96,4.46,4.73,4.13,4.48,3.58,3.07,3.30,2.41,2.01,2.60,
GRENADA,GRD,LAC,Upper-Middle Income,Blend,Capital Revenue,mill lcu,0.00,0.00,0.00,0.00,0.00,0.00,0.00,0.00,0.00,0.00,0.00,0.00,0.00,0.00,0.00,0.00,0.00,0.00,
GRENADA,GRD,LAC,Upper-Middle Income,Blend,Total Revenue,mill lcu,65.61,59.79,67.92,70.90,68.55,60.76,66.29,59.17,55.64,64.12,64.54,68.71,71.34,65.72,68.86,44.59,45.94,52.03,
GRENADA,GRD,LAC,Upper-Middle Income,Blend,Non-tax Revenue,mill lcu,3.05,3.45,2.98,4.26,3.29,2.92,3.66,1.97,2.54,3.55,2.41,2.86,8.18,5.39,3.60,0.77,2.45,3.39,
GRENADA,GRD,LAC,Upper-Middle Income,Blend,Non-tax Revenue – Citizenship by Investment,mill lcu,0.41,0.95,0.27,0.95,0.47,0.74,0.14,0.00,0.00,0.00,0.00,0.26,1.76,2.30,1.08,0.54,0.81,1.22,
GRENADA,GRD,LAC,Upper-Middle Income,Blend,Tax Revenue,mill lcu,62.56,56.34,64.95,66.64,65.27,57.84,62.62,57.21,53.10,60.57,62.13,65.85,63.17,60.33,65.26,43.82,43.49,48.64,
GRENADA,GRD,LAC,Upper-Middle Income,Blend,VAT,mill lcu,25.64,25.14,27.09,27.20,26.97,22.85,25.30,21.55,21.37,24.90,25.65,24.08,26.46,28.61,27.87,19.03,17.19,16.69,
GRENADA,GRD,LAC,Upper-Middle Income,Blend,Income Taxes,mill lcu,14.42,10.61,14.83,15.42,12.33,10.65,13.04,10.05,11.60,10.93,11.66,15.75,14.28,9.66,13.57,11.01,7.35,9.60,
GRENADA,GRD,LAC,Upper-Middle Income,Blend,Tax Revenue - Taxes on Property,mill lcu,1.76,2.12,3.78,2.71,4.47,5.48,2.78,6.25,2.73,3.45,2.01,1.94,2.21,2.51,3.35,1.53,6.27,5.72,
GRENADA,GRD,LAC,Upper-Middle Income,Blend,Tax Revenue -Taxes on International Trade and Transactions,mill lcu,20.74,18.48,19.25,21.31,21.49,18.86,21.50,19.36,17.40,21.29,22.80,24.08,20.22,19.55,20.47,12.24,12.68,16.63,
GRENADA,GRD,LAC,Upper-Middle Income,Blend,Taxes on Goods and Services – Licenses,mill lcu,1.78,3.35,1.84,1.11,2.82,1.69,1.65,0.62,0.55,2.13,0.56,0.70,1.95,3.61,1.59,0.26,2.38,2.00,
GRENADA,GRD,LAC,Upper-Middle Income,Blend,Taxes on Goods and Services – Stamp Duties,mill lcu,0.28,0.20,0.40,0.27,0.64,0.32,0.43,1.28,0.43,0.35,0.51,0.53,0.25,0.38,0.15,0.11,0.90,0.37,
GRENADA,GRD,LAC,Upper-Middle Income,Blend,Taxes on Goods and Services – Value Added Tax,mill lcu,22.19,19.73,20.81,22.45,21.60,18.76,21.30,18.22,18.94,21.11,23.23,23.73,22.41,23.76,23.39,15.44,12.76,13.33,
GRENADA,GRD,LAC,Upper-Middle Income,Blend,Taxes on Income and Profits – Personal Income Tax,mill lcu,8.59,5.12,6.61,6.23,5.86,5.66,5.88,5.02,4.65,5.20,5.92,6.10,7.95,5.26,6.70,5.33,4.59,5.42,
GRENADA,GRD,LAC,Upper-Middle Income,Blend,Taxes on International Trade and Transactions – Customs Service Charge,mill lcu,5.07,4.63,5.15,5.06,5.57,4.57,5.69,4.55,4.31,5.62,6.73,6.33,4.94,4.93,5.12,3.26,3.44,3.51,
GRENADA,GRD,LAC,Upper-Middle Income,Blend,Customs Duties,mill lcu,6.77,6.21,6.45,7.54,7.59,6.13,7.69,6.40,5.32,7.52,8.38,8.66,6.66,6.34,6.90,3.99,5.05,4.74,
MONTSERRAT,MSR,LAC,High Income,,Capital Revenue,mill lcu,0.00,0.00,0.00,0.00,0.00,0.00,0.00,0.00,0.00,0.00,0.00,0.00,0.00,0.00,0.00,0.00,0.00,0.00,
MONTSERRAT,MSR,LAC,High Income,,Total Revenue,mill lcu,4.47,3.89,5.35,3.78,3.72,3.97,3.77,5.02,4.29,5.30,4.07,4.07,4.52,4.72,7.19,1.34,3.85,3.84,
MONTSERRAT,MSR,LAC,High Income,,Non-tax Revenue,mill lcu,0.35,0.35,0.64,0.46,0.48,0.64,0.39,1.26,0.45,1.97,0.63,0.75,0.59,1.00,2.23,0.06,0.22,0.51,
MONTSERRAT,MSR,LAC,High Income,,Tax Revenue,mill lcu,4.12,3.54,4.71,3.33,3.24,3.33,3.38,3.76,3.84,3.32,3.44,3.32,3.93,3.73,4.96,1.28,3.63,3.33,
MONTSERRAT,MSR,LAC,High Income,,VAT,mill lcu,0.92,0.35,1.10,0.34,0.34,0.23,0.28,0.27,0.66,0.45,0.15,0.14,0.91,0.25,1.06,0.01,0.36,0.34,
MONTSERRAT,MSR,LAC,High Income,,Income Taxes,mill lcu,1.35,1.83,1.77,1.71,1.57,1.59,1.65,1.66,1.72,1.34,1.34,1.37,1.61,1.90,2.25,0.94,1.90,1.95,
MONTSERRAT,MSR,LAC,High Income,,Tax Revenue - Taxes on Property,mill lcu,0.06,0.03,0.03,0.01,0.00,0.00,0.03,0.20,0.28,0.04,0.05,0.01,0.02,0.01,0.01,0.00,0.00,0.01,
MONTSERRAT,MSR,LAC,High Income,,Tax Revenue -Taxes on International Trade and Transactions,mill lcu,1.79,1.33,1.81,1.28,1.32,1.51,1.42,1.63,1.19,1.50,1.91,1.80,1.39,1.57,1.63,0.33,1.37,1.03,
MONTSERRAT,MSR,LAC,High Income,,Taxes on Goods and Services – Accommodation Tax,mill lcu,0.01,0.00,0.00,0.00,0.00,0.00,0.00,0.00,0.00,0.00,0.00,0.01,0.00,0.00,0.00,0.00,0.00,0.02,
MONTSERRAT,MSR,LAC,High Income,,Taxes on Goods and Services – Licenses,mill lcu,0.34,0.26,0.29,0.21,0.27,0.17,0.18,0.20,0.59,0.29,0.10,0.09,0.37,0.16,0.34,0.00,0.28,0.29,
MONTSERRAT,MSR,LAC,High Income,,Taxes on Income and Profits – Personal Income Tax,mill lcu,1.22,1.31,1.22,1.09,1.18,1.32,0.96,1.17,1.13,1.13,1.16,1.24,1.34,1.24,1.20,0.82,1.41,1.16,
MONTSERRAT,MSR,LAC,High Income,,Taxes on International Trade and Transactions – Consumption Tax,mill lcu,1.12,0.80,1.13,0.82,0.79,1.07,0.89,0.98,0.78,0.97,1.21,1.07,0.72,0.98,0.96,0.21,0.75,0.55,
MONTSERRAT,MSR,LAC,High Income,,Taxes on International Trade and Transactions – Customs Service Charge,mill lcu,0.00,0.00,0.00,0.00,0.00,0.00,0.00,0.00,0.00,0.00,0.00,0.00,0.00,0.00,0.00,0.00,0.00,0.00,
MONTSERRAT,MSR,LAC,High Income,,Customs Duties,mill lcu,0.57,0.45,0.60,0.42,0.48,0.37,0.48,0.57,0.35,0.47,0.65,0.67,0.60,0.54,0.65,0.11,0.57,0.44,
ST. KITTS AND NEVIS,KNA,LAC,High Income,IBRD,Capital Revenue,mill lcu,0.54,0.30,0.74,0.77,0.67,0.73,0.59,0.34,0.50,0.44,2.30,0.73,0.21,0.84,0.78,0.25,0.26,0.88,
ST. KITTS AND NEVIS,KNA,LAC,High Income,IBRD,Total Revenue,mill lcu,62.08,111.50,80.87,167.23,67.09,90.27,106.53,63.16,83.67,80.16,83.24,110.09,73.56,71.71,82.27,21.47,67.03,64.25,
ST. KITTS AND NEVIS,KNA,LAC,High Income,IBRD,Non-tax Revenue,mill lcu,25.49,70.65,25.21,126.77,26.18,41.38,62.56,26.56,37.22,34.20,27.62,47.29,29.68,28.24,26.88,11.55,30.53,28.83,
ST. KITTS AND NEVIS,KNA,LAC,High Income,IBRD,Non-tax Revenue – Citizenship by Investment,mill lcu,18.12,60.62,18.33,119.03,19.11,35.37,55.95,20.35,31.24,27.97,20.80,29.05,22.35,19.74,19.78,9.42,24.55,23.76,
ST. KITTS AND NEVIS,KNA,LAC,High Income,IBRD,Tax Revenue,mill lcu,36.59,40.85,55.66,40.46,40.91,48.89,43.97,36.59,46.45,45.96,55.62,62.80,43.89,43.47,55.39,9.92,36.51,35.42,
ST. KITTS AND NEVIS,KNA,LAC,High Income,IBRD,VAT,mill lcu,18.44,15.17,20.31,15.94,17.15,15.06,19.49,14.02,15.96,15.62,24.57,20.52,19.35,17.79,22.15,4.79,14.81,12.10,
ST. KITTS AND NEVIS,KNA,LAC,High Income,IBRD,Income Taxes,mill lcu,4.62,13.49,21.19,11.16,10.03,17.62,9.26,9.88,19.22,12.43,14.97,21.68,10.34,12.82,19.15,0.65,9.66,13.84,
ST. KITTS AND NEVIS,KNA,LAC,High Income,IBRD,Tax Revenue - Taxes on Property,mill lcu,0.87,0.73,1.08,0.83,1.99,3.46,3.24,0.49,0.44,0.68,0.23,1.65,0.80,0.80,0.62,0.11,0.37,0.92,
ST. KITTS AND NEVIS,KNA,LAC,High Income,IBRD,Tax Revenue -Taxes on International Trade and Transactions,mill lcu,12.67,11.46,13.08,12.53,11.74,12.75,11.98,12.20,10.83,17.23,15.86,18.95,13.40,12.07,13.47,4.37,11.67,8.56,
ST. KITTS AND NEVIS,KNA,LAC,High Income,IBRD,Taxes on Goods and Services – Licenses,mill lcu,1.95,1.47,0.57,0.46,0.46,0.28,0.38,0.48,0.39,0.57,3.24,0.81,1.91,1.46,0.45,0.05,0.20,0.24,
ST. KITTS AND NEVIS,KNA,LAC,High Income,IBRD,Taxes on Goods and Services – Stamp Duties,mill lcu,1.76,1.24,2.61,1.80,1.79,1.44,3.71,1.43,2.15,1.62,8.18,2.14,1.14,1.32,3.66,0.14,2.52,1.57,
ST. KITTS AND NEVIS,KNA,LAC,High Income,IBRD,Taxes on Goods and Services – Value Added Tax,mill lcu,14.03,11.58,13.49,12.64,13.81,10.63,12.92,11.11,10.49,12.25,12.61,16.05,15.55,14.01,13.76,4.16,10.91,8.09,
ST. KITTS AND NEVIS,KNA,LAC,High Income,IBRD,Taxes on International Trade and Transactions – Customs Service Charge,mill lcu,3.65,3.64,3.87,3.51,3.88,3.29,3.78,3.92,2.96,5.09,4.69,4.89,3.71,3.42,3.93,1.40,3.48,2.51,
ST. LUCIA,LCA,LAC,Upper-Middle Income,Blend,Capital Revenue,mill lcu,0.00,0.00,0.06,0.00,0.00,0.00,0.00,0.00,0.00,1.50,0.00,0.00,0.00,1.60,0.00,0.00,0.00,0.00,
ST. LUCIA,LCA,LAC,Upper-Middle Income,Blend,Total Revenue,mill lcu,109.25,73.38,124.93,104.73,99.59,107.39,86.11,77.20,111.82,87.13,79.56,84.34,102.80,91.16,108.34,53.29,70.42,59.47,
ST. LUCIA,LCA,LAC,Upper-Middle Income,Blend,Non-tax Revenue,mill lcu,12.97,9.59,4.78,6.45,13.33,4.06,8.46,2.51,3.75,4.45,4.45,7.08,9.20,16.15,8.98,3.80,4.40,2.00,
ST. LUCIA,LCA,LAC,Upper-Middle Income,Blend,Non-tax Revenue – Citizenship by Investment,mill lcu,7.06,1.70,2.29,0.00,4.12,1.91,1.99,0.00,1.41,0.00,2.18,1.08,2.56,8.52,3.82,0.00,0.00,0.00,
ST. LUCIA,LCA,LAC,Upper-Middle Income,Blend,Tax Revenue,mill lcu,96.29,63.79,120.14,98.29,86.26,103.33,77.65,74.69,108.07,82.69,75.11,77.26,93.60,75.02,99.37,49.49,66.02,57.47,
ST. LUCIA,LCA,LAC,Upper-Middle Income,Blend,VAT,mill lcu,39.61,32.14,35.67,39.01,37.21,32.87,37.36,35.06,31.92,33.42,35.67,36.20,37.86,35.96,32.54,17.21,22.46,20.45,
ST. LUCIA,LCA,LAC,Upper-Middle Income,Blend,Income Taxes,mill lcu,22.30,13.68,49.08,21.72,13.60,43.14,12.62,14.05,44.00,14.08,12.92,13.75,15.75,12.23,37.97,11.68,20.85,13.87,
ST. LUCIA,LCA,LAC,Upper-Middle Income,Blend,Tax Revenue - Taxes on Property,mill lcu,0.57,1.55,0.82,0.35,0.52,0.42,0.92,0.19,0.28,0.55,1.03,0.70,1.82,0.69,0.29,0.06,0.16,0.51,
ST. LUCIA,LCA,LAC,Upper-Middle Income,Blend,Tax Revenue -Taxes on International Trade and Transactions,mill lcu,33.82,16.43,34.59,37.21,34.93,26.91,26.75,25.38,31.86,34.64,25.48,26.61,38.17,26.14,28.57,20.55,22.55,22.64,
ST. LUCIA,LCA,LAC,Upper-Middle Income,Blend,Taxes on Goods and Services – Accommodation Tax,mill lcu,0.01,0.00,0.01,0.00,0.00,0.81,0.01,0.00,0.01,0.01,0.01,0.01,0.01,0.00,0.00,0.00,0.00,0.00,
ST. LUCIA,LCA,LAC,Upper-Middle Income,Blend,Taxes on Goods and Services – Licenses,mill lcu,2.28,0.52,2.13,2.00,2.15,1.93,1.75,2.13,2.03,2.36,5.47,3.73,2.00,1.80,1.10,0.50,1.30,1.50,
ST. LUCIA,LCA,LAC,Upper-Middle Income,Blend,Taxes on Goods and Services – Value Added Tax,mill lcu,32.79,27.67,29.15,32.15,30.59,26.24,29.57,27.71,25.27,26.57,25.48,28.47,31.86,29.91,25.60,14.10,17.86,15.78,
ST. LUCIA,LCA,LAC,Upper-Middle Income,Blend,Taxes on Income and Profits – Corporation Tax,mill lcu,5.03,0.04,28.27,2.52,0.38,25.34,0.39,1.50,31.59,0.74,0.86,2.19,0.52,0.08,26.80,1.32,0.49,3.98,
ST. LUCIA,LCA,LAC,Upper-Middle Income,Blend,Taxes on Income and Profits – Personal Income Tax,mill lcu,11.28,9.29,12.50,10.23,9.42,9.48,9.14,11.01,8.75,9.22,8.84,9.23,10.56,9.99,10.49,7.60,11.52,6.89,
ST. LUCIA,LCA,LAC,Upper-Middle Income,Blend,Taxes on International Trade and Transactions – Consumption Tax,mill lcu,0.00,0.00,0.00,0.00,0.00,0.00,0.00,0.00,0.00,0.00,0.00,0.00,0.00,0.00,0.00,0.00,0.00,0.00,
ST. LUCIA,LCA,LAC,Upper-Middle Income,Blend,Taxes on International Trade and Transactions – Customs Service Charge,mill lcu,6.52,4.76,6.89,6.60,7.00,5.87,7.06,5.76,6.57,6.99,6.64,7.07,7.31,5.55,6.55,4.79,4.10,4.55,
ST. LUCIA,LCA,LAC,Upper-Middle Income,Blend,Customs Duties,mill lcu,10.26,8.51,10.01,10.69,11.26,8.28,10.35,9.55,8.76,10.76,10.95,11.10,10.44,10.12,9.36,6.40,6.57,6.53,
ST. VINCENT AND THE GRENADINES,VCT,LAC,Upper-Middle Income,Blend,CORPORATE,mill lcu,1.56,1.95,1.00,9.11,2.56,1.11,8.42,0.77,1.74,6.38,1.65,7.68,1.10,1.28,1.53,9.84,3.07,1.72,
ST. VINCENT AND THE GRENADINES,VCT,LAC,Upper-Middle Income,Blend,Total Revenue,mill lcu,47.95,47.10,38.99,56.25,49.41,43.43,54.87,35.91,41.30,48.38,47.43,89.37,51.64,48.78,46.70,55.00,40.62,40.09,
ST. VINCENT AND THE GRENADINES,VCT,LAC,Upper-Middle Income,Blend,INDIVIDUALS,mill lcu,7.03,6.61,5.25,8.10,6.97,6.41,6.44,5.48,6.39,7.03,7.92,9.20,8.03,6.85,6.26,9.09,6.53,6.03,
ST. VINCENT AND THE GRENADINES,VCT,LAC,Upper-Middle Income,Blend,OF WHICH: IMPORT DUTY,mill lcu,3.81,4.17,5.02,3.63,4.88,5.61,4.56,4.05,4.53,3.88,5.92,7.91,4.05,4.22,4.64,4.28,4.16,3.20,
ST. VINCENT AND THE GRENADINES,VCT,LAC,Upper-Middle Income,Blend,OTHER REVENUE,mill lcu,6.90,6.71,7.49,7.33,8.59,5.88,7.17,5.21,6.53,6.35,6.90,12.47,6.86,6.50,6.01,6.13,7.90,5.68,
ST. VINCENT AND THE GRENADINES,VCT,LAC,Upper-Middle Income,Blend,TAXES ON GOODS AND SERVICES,mill lcu,24.59,22.70,17.55,24.83,21.25,21.77,24.95,17.15,19.41,21.05,22.06,42.51,28.75,23.48,23.83,23.43,17.24,21.23,
ST. VINCENT AND THE GRENADINES,VCT,LAC,Upper-Middle Income,Blend,TAXES ON INCOME AND PROFITS,mill lcu,10.46,9.63,7.10,18.69,10.94,8.42,15.29,7.56,8.69,14.41,10.42,18.68,10.25,9.31,8.40,19.97,10.31,8.46,
ST. VINCENT AND THE GRENADINES,VCT,LAC,Upper-Middle Income,Blend,TAXES ON INTERNATIONAL TRADE AND TRANSACTIONS,mill lcu,4.38,4.82,5.65,3.93,5.69,6.36,5.66,4.55,5.15,4.45,6.54,8.47,4.65,4.78,5.03,4.81,4.78,3.81,
ST. VINCENT AND THE GRENADINES,VCT,LAC,Upper-Middle Income,Blend,TAXES ON PROPERTY,mill lcu,1.62,3.25,1.20,1.46,2.94,0.99,1.81,1.44,1.53,2.13,1.51,7.24,1.12,4.70,3.42,0.67,0.39,0.92,
ST. VINCENT AND THE GRENADINES,VCT,LAC,Upper-Middle Income,Blend,VALUE ADDED TAX,mill lcu,17.08,15.68,12.08,17.78,16.19,13.69,12.19,11.32,13.78,13.90,14.43,31.27,18.65,16.53,15.96,15.97,10.99,12.55,
"Congo, Dem. Rep.",COD,SSA,Lower-Middle Income,IDA,VALUE ADDED TAX,mill lcu,404778.00,344015.00,404266.00,909076.00,351660.00,363170.00,694695.00,375169.00,412658.00,388471.00,618098.00,345701.00,396570.00,357948.00,341650.00,494285.00,401115.00,325687.00,515786.00
Maldives,MDV,SA,Upper-Middle Income,IDA,Tax Revenue,lcu,1827871372.00,1090392569.00,982961746.00,1111548777.00,935798348.00,1132625843.00,1936206695.00,731685701.00,,,,,1615917977.00,1185894069.00,852591052.00,336008214.00,158074795.00,186505418.00,582715219.00
Argentina,ARG,LAC,Upper-Middle Income,IBRD,Tax Revenue,% change,,,,,,,,,,,,,,,,,,,
Bolivia,BOL,LAC,Lower-Middle Income,IBRD,Tax Revenue,% change,,,,,,,,,,,,,,,,,,,
Brazil,BRA,LAC,Upper-Middle Income,IBRD,Tax Revenue,% change,,,,,,,,,,,,,,,,,,,
Chile,CHL,LAC,High Income,IBRD,Tax Revenue,% change,,,,,,,,,,,,,,,,,,,
Colombia,COL,LAC,Upper-Middle Income,IBRD,Tax Revenue,% change,,,,,,,,,,,,,,,,,,,
Costa Rica,CRI,LAC,Upper-Middle Income,IBRD,Tax Revenue,% change,,,,,,,,,,,,,,,,,,,
Ecuador,ECU,LAC,Upper-Middle Income,IBRD,Tax Revenue,% change,,,,,,,,,,,,,,,,,,,
El Salvador,SLV,LAC,Lower-Middle Income,IBRD,Tax Revenue,% change,,,,,,,,,,,,,,,,,,,
Guatemala,GTM,LAC,Lower-Middle Income,IBRD,Tax Revenue,% change,,,,,,,,,,,,,,,,,,,
Honduras,HND,LAC,Lower-Middle Income,Gap,Tax Revenue,% change,,,,,,,,,,,,,,,,,,,
Panama,PAN,LAC,Upper-Middle Income,IBRD,Tax Revenue,% change,,,,,,,,,,,,,,,,,,,
Paraguay,PRY,LAC,Upper-Middle Income,IBRD,Tax Revenue,% change,,,,,,,,,,,,,,,,,,,
Peru,PER,LAC,Upper-Middle Income,IBRD,Tax Revenue,% change,,,,,,,,,,,,,,,,,,,
Dominican Republic,DOM,LAC,Upper-Middle Income,IBRD,Tax Revenue,% change,,,,,,,,,,,,,,,,,,,
Trinidad and Tobago,TTO,LAC,High Income,IBRD,Tax Revenue,% change,,,,,,,,,,,,,,,,,,,
Uruguay,URY,LAC,High Income,IBRD,Tax Revenue,% change,,,,,,,,,,,,,,,,,,,
