Country,gdp_2013Q1,gdp_2013Q2,gdp_2013Q3,gdp_2013Q4,gdp_2014Q1,gdp_2014Q2,gdp_2014Q3,gdp_2014Q4,gdp_2015Q1,gdp_2015Q2,gdp_2015Q3,gdp_2015Q4,gdp_2016Q1,gdp_2016Q2,gdp_2016Q3,gdp_2016Q4,gdp_2017Q1,gdp_2017Q2,gdp_2017Q3,gdp_2017Q4,gdp_2018Q1,gdp_2018Q2,gdp_2018Q3,gdp_2018Q4,gdp_2019Q1,gdp_2019Q2,gdp_2019Q3,gdp_2019Q4,gdp_2020Q1,gdp_2020Q2,gdp_2020Q3,gdp_2020Q4,WB_Country
Albania,311329.563024,359033.383233,325857.948809,353865.371989,315142.113799,370527.60806,348628.018266,361022.701911,318755.257132,383685.836766,360201.004113,371682.565837,332999.557942,385342.123134,366020.871187,388133.935186,351321.195223,410177.868591,385212.571762,403952.052261,374721.559569,431965.456474,408944.341596,420097.619296,384737.587671,446502.223723,426525.927616,421518.228531,372874.819769,385775.533564,410175.328694,,
Argentina,722245.2,846952.7,859136.6,919973.9,979412.2,1175657.4,1171375.8,1252641.0,1273173.4,1487869.7,1555432.7,1638035.1,1751661.3,2103639.1,2131907.2,2240952.0,2310219.4,2639552.1,2779105.6,2931351.4,3059794.1,3508513.6,3779530.9,4194883.5,4353028.3,5227421.3,5571813.8,6294986.5,6197808.3,5859132.6,6786841.9,,
Armenia,784166.2,978205.1,1363072.3,1430194.6,814938.4,1030592.9,1443501.1,1539593.9,879565.7,1105248.02,1523902.7,1534916.8,893634.2,1132260.6,1525628.4,1515770.3,971041.0,1212700.8,1587405.4,1793346.1,1115563.9,1362703.9,1687018.4,1851749.0,1245326.6,1489641.7,1835351.0,1998711.5,1268112.5,1270795.3,1744942.4,,Armenia
Australia,369422.0,390707.0,392506.0,415620.0,386766.0,403637.0,402046.0,421531.0,392276.0,408748.0,411311.0,428108.0,398637.0,422658.0,424744.0,457430.0,431004.0,450449.0,452978.0,473857.0,448446.0,474599.0,476713.0,500857.0,471362.0,499667.0,503307.0,520729.0,487118.0,470445.0,,,
Austria,77118.6104,80679.2818,81143.5786,84968.7254,78975.2647,83235.7166,83365.8328,87569.2501,81812.3856,85599.7353,86296.6614,90560.4512,86018.2413,89349.7876,88843.7615,93396.1563,88503.1851,92031.918,91967.7907,96838.367,92971.202,95316.6283,95348.8769,101725.181,96074.3752,98844.7595,98974.1708,103681.976,93823.7885,86150.264,95614.4154,,
Azerbaijan,12917.5,13919.2,15466.0,15879.3,13143.1,15317.4,15886.9,14666.7,11604.3,14170.4,14096.0,14509.3,12510.0,15161.6,15970.5,16751.5,,,,,,,,,,,,,,,,,Azerbaijan
Bahrain,3013.37288263159,2972.20011329063,3102.76496262359,3146.49949315247,3047.035,3172.765,3236.6825,3097.2877085272003,2860.83404503127,3002.9266237589,2962.78604455149,2876.75600782303,2852.35789432476,2998.27425064931,3066.9751896563403,3061.15499116641,,,,,,,,,,,,,,,,,Bahrain
Belarus,13701.36,16372.03,18573.68,18421.78,16670.21,19125.68,22635.56,22147.82,19821.31,21597.59,24524.41,23966.5,21121.7,23052.5,25720.6,25054.2,22652.4,25341.2,28569.2,29185.4,26766.1,29341.8,33127.3,33084.5,29077.2,31688.0,36170.1,35016.4,,,,,Belarus
Belgium,94778.0,99134.0,95256.0,103712.0,97159.0,100995.0,98215.0,106635.0,100109.0,104882.0,101419.0,110292.0,102431.0,108919.0,104750.0,113985.0,107321.0,112505.0,107644.0,117521.0,110212.0,116273.0,111298.0,122636.0,114209.0,120178.0,115420.0,126397.0,113665.0,103698.0,110937.0,,
Bolivia,49829.496405308404,52449.1972328443,53503.6693259295,56073.668699603106,53960.5696465569,56635.1886659917,57868.4259379548,59539.4749162856,55975.7491920893,56814.280224878,56306.192944388604,58935.1475332171,55360.4591887283,56563.7031590752,59641.189185328,62967.8305092877,61026.4182003544,61794.1127861127,66836.4448020758,69527.7415739329,66707.9805945893,66902.3936540447,69456.0383151798,,,,,,,,,,
Bosnia and Herzegovina,6125.67,6629.886,7273.839,6749.361,6308.495,6605.822,7292.125,7152.268,6421.315,7042.105,7723.376,7402.256,6745.097,7274.833,8112.047,7772.483,7055.895,7631.253,8531.661,8157.428,7595.442,8242.842,8932.633,8673.16,8020.781,8741.838,9426.684,9039.56,8327.156,7945.917,,,
Botswana,28429.3,32466.0,31665.6,32597.5,34491.5,37703.6,36156.2,37517.1,36649.7,37398.9,24394.490310668898,25087.8370269775,23571.7672119141,23702.5650062561,21692.696456909198,23936.7987060547,20331.285969257402,22479.735992431597,21902.297355651903,21902.297355651903,,,,,,,,,,,,,
Brazil,1241621.762,1322587.422,1354133.224,1413276.591,1385945.428,1422288.322,1462126.266,1508592.984,1456836.782,1480130.858,1508219.709,1550599.651,1499483.077,1558285.59,1577224.259,1634335.074,1589214.387,1633651.302,1647680.117,1712773.193,1657833.65,1704702.308,1736934.998,1789705.127,1725680.599,1795805.844,1842110.268,,,,,,
Brunei Darussalam,6067.5,5626.4,5347.1,5597.7,5737.2,5479.2,5209.6,5245.6,4655.6,4526.3,4321.9,4274.2,3940.7,4029.4,3763.6,4014.0,,,,,,,,,,,,,,,,,
Bulgaria,17255.871,19923.843,21984.868,22790.268,16878.152,20148.146,23287.835,23570.788,18245.977,22119.472,24072.775,24924.124,19631.922,22937.082,25830.1,26731.486,20930.989,24904.61,27902.895,28606.58,22268.762,26660.962,30441.568,30372.075,25127.815,29687.776,31680.673,33275.986,25993.085,27774.034,31675.65,,
CapeVerde,36712.013923826205,39291.029303733594,38368.6093225861,39351.5200546287,38213.89005427,38932.029310634105,37291.4380926244,39998.3856364938,38969.378459466796,39248.310729929704,37302.8320372896,41004.546419168604,40432.2158805358,40103.8269581235,37960.7878978585,42745.2630005289,,,,,,,,,,,,,,,,,CapeVerde
Canada,443125.0,460401.0,500963.0,497758.0,467345.0,488985.0,524490.0,514078.0,472379.0,487051.0,521592.0,509419.0,475252.0,490410.0,530194.0,529679.0,499356.0,524610.0,559684.0,557457.0,521971.0,545995.0,585742.0,570148.0,536870.0,568190.0,601987.0,596831.0,544563.0,,,,
Chile,33213415.7,33990993.1,33433372.2,37238434.8,36077488.0,36627476.8,35772848.2,40121640.9,39179707.8,39535450.0,38263478.3,42574712.2,41953610.8,41447910.4,40805268.5,45330598.1,43602201.3,44040884.6,43782195.8,48330844.2,47222449.0,47526133.8,45751315.7,50766053.5,49022753.2,49487887.1,48370573.6,51559493.0,51606540.8,46432454.7,47339132.4,,
"Hong Kong SAR, China",509631.0,492375.0,551059.0,585240.0,535907.0,526194.0,580793.0,617111.0,572160.0,565750.0,614251.0,646119.0,590556.0,585135.0,636333.0,678414.0,631418.0,628277.0,679352.0,720337.0,684538.0,673764.0,723240.0,753619.0,707866.0,694280.0,719326.0,744207.0,661590.0,636860.0,698317.0,,"Hong Kong SAR, China"
China,12944960.0,14351870.0,15222270.0,16777230.0,14027020.0,15592230.0,16489780.0,18019030.0,15059380.0,16787450.0,17580380.0,19172080.0,16096730.0,17987870.0,18933760.0,20987720.0,17940340.0,19917780.0,20982410.0,23234900.0,19792000.0,21929540.0,22949550.0,25359860.0,21343280.0,23750030.0,24686510.0,,,,,,China
Colombia,164587913.669646,173151240.799292,181903465.904573,194450379.626489,180412518.415762,183072373.182332,193080812.973678,206337295.428229,188325418.122376,190719325.672264,206431097.113824,219216159.091536,202084918.274841,206715259.557144,218354642.929259,236627179.238756,216202769.142348,219615891.574185,233794403.327826,250857935.955641,230416169.011058,236022230.728294,251232226.900951,268260373.359697,245414429.811293,255020996.641209,270632580.555548,290661524.533611,257941438.397502,215000202.34386,,,
Costa Rica,6191199.7,6059375.2,6066973.9,6543394.7,6718056.4,6623021.3,6656816.4,7228989.3,7328059.1,7137588.0,7156107.6,7659618.6,7769115.4,7589957.7,7565062.4,8212075.0,8321510.7,8099305.3,8085965.6,8682439.0,8803904.5,8577467.4,8490753.6,9065810.3,9224505.7,8826080.1,8848484.8,9396549.1,9289282.0,7873102.1,,,
Croatia,75514.60355,84471.09073,90572.04677,81432.45148,74136.31012,83875.1591,91219.40105,82091.02074,75344.99547,85607.69761,94601.95992,84107.96684,77571.59797,87966.93429,98057.22127,87601.15007,80299.59639,92014.33275,103579.4444,91607.66056,83865.75812,97375.03562,108765.9016,95369.87547,88514.98628,101299.9197,113209.6366,99312.22189,90392.54837,85192.76793,101390.1638,,Croatia
Cyprus,4314.2,4646.7,4580.4,4453.7,4181.2,4412.6,4485.6,4350.8,4209.4,4509.2,4583.9,4581.3,4405.6,4732.5,4875.4,4915.8,4715.1,5049.8,5194.6,5160.3,5037.2,5525.9,5497.3,5372.2,5230.4,5686.4,5768.7,5601.6,5324.2,4856.2,5458.9,,
Czech Republic,955889.0,1034830.0,1052330.0,1099762.0,997951.0,1088654.0,1116501.0,1142660.0,1066579.0,1163326.0,1184154.0,1211319.0,1114961.0,1215075.0,1216961.0,1249876.0,1168642.0,1285296.0,1305042.0,1351763.0,1247835.0,1358981.0,1374728.0,1428121.0,1327625.0,1441153.0,1470589.0,1509438.0,1353195.0,1340172.0,1450484.0,,Czech Republic
Denmark,464259.2,487524.7,482170.4,495722.7,479593.6,495208.5,493651.7,512711.1,495858.1,513524.8,505857.9,521115.4,504761.2,534094.7,521505.8,547446.5,530588.2,558361.0,541099.1,562911.7,536517.7,570371.8,560955.1,585713.5,560149.8,589524.5,582159.8,603167.9,575283.3,554007.6,564806.0,,
Dominican Republic,623151.1606985041,643436.909182791,647218.9434750649,705962.683156391,689474.429190212,712913.081551901,707012.811944332,768127.488473693,744416.5883862299,765465.724909416,759591.1947974471,830177.7010214201,801373.492919308,832951.957640762,818031.006565304,881062.806181166,861277.679518026,897091.202121308,884417.314336255,970360.948186448,,,,,10898000.0,11202800.0,11201700.0,12319000.0,11341900.0,9531000.0,11023600.0,,Dominican Republic
Ecuador,23019.786,23441.324,24238.576,24429.973,24831.492,25543.28,25942.914,25408.645,25052.739,25086.195,24779.738,24371.709,24913.573,24926.186,24910.741,25187.196,26000.261,25993.55,25960.907,26341.144,26510.612,26761.827,27078.404,27211.165,26914.897,27058.331,27054.758,27080.023,26321.793,23567.531,24166.757,,
"Egypt, Arab Rep.",423600.0,446200.0,518000.0,499300.0,,,,,,,,,,,,,,,,,,,,,,,,,,,,,"Egypt, Arab Rep."
El Salvador,5205.76,5549.6,5431.32,5804.29,5431.12,5703.06,5592.72,5866.58,5613.83,5867.32,5831.96,6125.13,5690.32,6177.99,5966.1,6357.03,5938.98,6274.42,6152.2,6613.6,6203.12,6571.08,6467.9,6875.3,6454.95,6766.98,6711.04,7089.67,,,,,
Estonia,4451.0777,4831.7609,4868.9393,4881.6145,4660.4676,5107.6818,5098.2367,5313.6035,4767.0211,5280.9073,5295.3889,5438.8977,5117.7857,5492.4332,5513.9743,5807.2947,5445.5825,6055.2719,5978.4172,6378.4762,5902.4488,6507.1302,6540.6025,6987.4326,6510.86,7040.5713,7105.1341,7455.8215,6536.8674,6451.5918,6966.3365,,Estonia
Euro Area,2399146.4502481003,2483037.9098966,2481840.9214794,2569293.4296037,2464086.4936757996,2530145.8044209,2537524.9799282,2635443.9883951,2537821.9670528998,2618155.0469699,2628468.2418957003,2735407.5260235,2612738.1935695,2706795.1227234,2691565.7503885,2804525.5687626,2706841.3003735,2789668.7334363,2796391.7985991,2923803.7195871,2805260.421896,2890861.7026379,2879503.8374367002,3012037.9558683997,2891735.4478414,2971761.0767137003,2978160.8039977998,3093863.3746541003,2859301.6973641003,2589646.6988257,2874772.1254978,,
Finland,48547.0,51645.0,50814.0,53315.0,49332.0,52112.0,51458.0,53995.0,50015.0,53438.0,52437.0,55495.0,51549.0,54896.0,54096.0,56977.0,53794.0,56960.0,56001.0,59546.0,55756.0,58885.0,57797.0,61153.0,57294.0,60896.0,59836.0,62535.0,58132.0,58359.0,58865.0,,
France,521506.0,531010.0,520471.0,544202.0,531249.0,536560.0,528508.0,553448.0,543050.0,549149.0,540348.0,565885.0,554013.0,561664.0,545506.0,572946.0,565860.0,573594.0,563607.0,594183.0,582580.0,587982.0,579295.0,610829.0,597720.0,606543.0,597695.0,623752.0,579098.0,513877.0,578096.0,,
Georgia,5914.463107163279,6900.920241742039,7510.7149789872,8266.95050996682,6561.22477045002,7545.64526128203,8206.34545835821,8810.87965624857,7048.02110334823,8430.94384464083,8998.89893140247,9457.15170352025,7581.86162355615,8787.31604244216,9464.09417581756,10002.7462468722,8662.41547734756,9868.13340349095,10940.5462815053,11290.568294430599,9551.45356638567,10935.751322150802,11850.937157641702,12261.200734345899,10199.896022790399,12024.928514585199,13446.5226119841,14330.815561568501,11063.757817573602,11209.9771573163,,,
Germany,682360.0,692930.0,714670.0,721390.0,716700.0,717360.0,740720.0,752650.0,737210.0,741980.0,765670.0,781320.0,762950.0,779080.0,788980.0,803730.0,796940.0,799040.0,821890.0,841990.0,821150.0,831070.0,839800.0,864390.0,845820.0,846940.0,870150.0,886140.0,851810.0,768770.0,842970.0,,
Ghana,,,,,,,,,,,,,,,,,,,,,,,,,84850.6,84312.0,85551.8,94766.0,92487.0,88284.8,92223.9,,
Greece,42412.295647,45463.075112,46466.748048,45274.329834,41230.761074,44170.218558,46620.149712,45328.29875,40992.288569,44067.11903,45484.946672,45565.865811,39974.982419,43743.991006,45767.156732,44750.796624,40517.050396,44299.665995,47516.744619,44818.415609,41137.091613,44887.907104,48323.093709,45379.198444,41551.436237,46069.794068,50051.024203,45741.228197,40555.803207,38024.068374,44542.478113,,
Guatemala,103821.532392042,102184.711735512,102184.23336079,108192.742811534,109544.80446114599,109442.417365121,111307.529983459,117031.574410374,117960.017289114,116185.698104737,118693.625925048,123183.47998184599,123931.464651126,122825.815196887,124453.541508266,130790.88288903101,131606.843593869,127546.53238610299,130150.27342832899,136896.756804406,136282.1908225,134312.89393391,136156.43757521402,143038.455164893,144267.70289948,144372.73654132299,147663.085193686,154113.066912077,150638.860967307,132936.135266983,,,
Hungary,6672025.0,7512715.0,7816910.0,8289270.0,7222366.0,8090368.0,8480345.0,8949099.0,7665512.0,8549662.0,8954158.0,9767981.0,7928661.0,9028303.0,9279148.0,9931341.0,8536710.0,9687931.0,10064497.0,10944292.0,9381532.0,10662950.0,11184587.0,12117972.0,10367465.0,11749724.0,12217394.0,13179329.0,10984886.0,10831111.0,12176396.0,,
Iceland,476002.878797,486182.386982,508661.95758,499298.501835,470943.354533,504708.629715,561276.855547,549430.767901,541080.583241,580058.803725,604416.248635,585292.151163,566563.936445,618723.526998,676157.836695,650609.519053,598091.08317,649831.256926,712182.203264,682318.232302,657453.531296,700663.160366,747164.683311,730608.239224,678975.85427,756382.438797,792160.163883,791858.325684,682947.168155,694482.021617,730099.12759,,
India,,25620226.3042621,27695570.299765103,28893893.7407895,30517958.4409196,29104480.0,30565790.0,31753319.062309,32996279.7513082,32416910.0,33540934.115466103,34749284.5615229,36933237.8053075,35984915.6324689,37153459.9568967,38651620.0,41130150.0,40074534.6506954,41721220.0,43261045.612027794,45926240.817992896,45512235.583053604,46478309.640907,48174125.0850052,49547698.6623874,49182284.424741395,49206939.280361794,51732336.1453183,53276928.928532295,38081930.0,47220680.0,,
Indonesia,2235288500.0,2342589500.0,2491158500.0,2477097500.0,2506300200.0,2618947300.0,2746762400.0,2697695400.0,2728180700.0,2867948400.0,2990645000.0,2939558700.0,2929269000.0,3073536700.0,3205019000.0,3193903800.0,3228172200.0,3366787300.0,3504138500.0,3490727700.0,3511408700.0,3685610800.0,3842159900.0,3799132100.0,3783859300.0,3963861700.0,4067378000.0,4018844400.0,3922613800.0,,,,
"Iran, Islamic Rep.",2244347923.11282,2704578508.38597,2507928571.19598,2477112814.60864,2765334641.03852,3238910945.08099,2874873587.58795,2638368450.34753,2772917948.9264,3174276132.71188,2732298290.70969,2734674619.53507,2919933905.63358,3570394902.07376,3234905797.10333,3426024459.90752,,,,,,,,,,,,,,,,,"Iran, Islamic Rep."
Ireland,43301.606027,44368.380756,46864.117754,45082.19605,46486.979062,48298.832075,50599.578113,49762.748972,63269.94964,62956.138341,67917.001765,68710.237136,64559.711463,63418.944814,68742.56014,74088.256803,70026.916159,70462.591996,78253.174424,81644.181223,79650.1732,78003.660399,85041.473593,84290.765102,84928.893403,84930.930788,93224.987369,92966.359023,91882.420823,82651.802868,99298.294964,,
Israel,251830.3403,266100.5867,267614.6698,271092.8765,269499.4961,274002.2828,276285.9491,287789.2116,285714.9902,290207.944,290092.6774,299308.027,298226.9937,301082.9111,311135.831,314505.3081,310000.0922,316063.9161,318382.3513,327108.9064,323017.6801,328739.8815,333829.3969,345030.7196,344734.9261,344368.982,355484.5772,,,,,,
Italy,380087.9,402771.2,402442.0,427449.1,386498.9,405581.9,404925.3,430399.5,389770.9,412552.4,413474.7,439557.0,401963.9,423978.7,421948.1,447896.0,411556.0,432198.2,430695.0,462143.7,422807.8,442617.7,437265.6,468372.0,427845.4,444366.5,443497.6,474037.5,407211.4,370119.4,424154.2,,
Japan,123290400.0,123962300.0,124080000.0,131842800.0,127370100.0,126615900.0,125507400.0,134382600.0,131729200.0,131433800.0,130273600.0,137883200.0,133195400.0,132294800.0,130701600.0,139345400.0,134509000.0,134461100.0,134034100.0,142893200.0,136159600.0,135979200.0,133195000.0,141517900.0,137429500.0,137778300.0,136296300.0,142255900.0,136169200.0,125795900.0,,,
Kazakhstan,6966935.0,7533057.2,9268001.2,12231031.7,7933827.5,8549124.7,10558035.1,12634845.6,8267517.7,8536900.4,10632118.6,13447596.9,9309090.9,10047966.0,11998069.2,15616023.9,10431358.0,11114911.7,13595795.5,,,,,,,,,,,,,,Kazakhstan
Kenya,,,,,,,,,1570446.0,1601347.0,1581026.0,1531366.0,1675988.0,1873531.0,1803711.0,1669733.0,2059536.0,2144249.0,2083975.0,1878083.0,2237645.0,2300879.0,2256924.0,2096663.0,2514668.0,2499063.0,2425119.0,2301510.0,2790207.0,2658389.0,2645454.0,,
"Korea, Rep.",355384700.0,373096500.0,379887200.0,392450800.0,373559700.0,388566900.0,393425400.0,407377000.0,394261800.0,411336500.0,420849600.0,431572600.0,413321800.0,434542900.0,439401900.0,453512900.0,433537200.0,453891300.0,473660900.0,474608700.0,449511100.0,471629900.0,484491500.0,487864600.0,454699800.0,477978900.0,486374200.0,494910700.0,,,,,"Korea, Rep."
Kosovo,1069.22,1395.66,1466.27,1395.4,1167.1,1403.65,1548.23,1448.28,1201.03,1459.64,1616.81,1529.52,1258.96,1531.67,1695.69,1584.36,1296.27,1630.29,1809.84,1677.14,1347.35,1719.25,1869.71,1789.78,1421.32,1823.96,1967.39,1866.95,1437.69,1635.72,1828.46,,Kosovo
Kyrgyz Republic,62957.7,76846.9,103201.4,112288.8,69449.1,84316.6,116879.1,130049.2,80709.7,92915.4,120251.0,129759.4,78799.0,97238.1,134046.1,142595.8,86143.1,,,,,,,,,,,,,,,,Kyrgyz Republic
Latvia,5063.175,5687.346,5992.189,6180.989,5292.739,5868.838,6153.263,6299.066,5469.627,6150.798,6450.56,6489.893,5653.881,6333.62,6571.968,6800.814,5953.492,6737.369,7067.793,7203.612,6293.847,7310.328,7675.434,7862.929,6735.071,7647.706,8047.205,8033.341,6734.115,6894.276,7801.024,,
Lithuania,7715.55747,8784.260238,9532.33838,9007.384536,8187.197297,9209.081899,9899.794777,9285.2368,8211.999951,9366.878376,10131.131049,9635.688896,8564.715344,9742.837219,10473.359288,10108.950515,9313.926996,10490.978451,11455.391713,11016.000089,10009.244967,11288.808161,12146.694016,12046.321889,10809.308172,12109.151264,13060.873565,12818.037033,11218.26393,11572.136958,13186.925716,,
Luxembourg,10935.652,11582.023,11492.132,12489.674,12048.137,12124.023,12307.203,13344.998,12713.756,13005.431,12454.795,13891.8,13170.679,13532.733,13462.332,14701.478,13673.049,14068.263,13821.852,15251.033,14377.76,14845.649,14829.451,16000.207,15091.13,15824.35,15628.777,16972.08,15576.974,14926.063,15888.111,,
Malaysia,241834.0,245051.0,258245.0,273484.0,265983.0,272369.0,278762.0,289328.0,277698.0,283722.0,292722.0,304371.0,290946.0,298998.0,312163.0,328914.0,324577.0,329787.0,343008.0,356009.0,343151.0,348979.0,363085.0,374627.0,361959.99961893336,370969.9989527667,381939.9992776333,395823.00094056665,367210.0012602667,301784.99913750007,367854.9986964333,,
Maldives,,,,,,,,,,,,,,,,,,,,,,,,,20290.0,18329.999999999996,18079.999999999996,20460.0,19280.0,8869.999999999998,,,
Malta,1841.260104,1987.826347,2114.691938,2000.567344,2035.622592,2163.86486,2301.923006,2249.691589,2325.556874,2490.107956,2622.731608,2558.313418,2481.333894,2627.402441,2778.475543,2684.248751,2752.727854,2910.369192,3065.981778,2945.664454,2879.850541,3112.299476,3330.544805,3185.600812,3134.423185,3354.865123,3533.934087,3439.188052,3211.411123,2857.5001,3221.348548,,
Mauritius,86228.0,90540.0,92605.0,103024.0,90515.0,96802.0,97155.0,107590.0,95623.0,100197.0,102148.0,111924.0,101639.0,106372.0,108007.0,118747.0,106751.0,112896.0,112745.0,124809.0,112264.0,119926.0,117969.0,131097.0,117270.0,124221.0,123165.0,133618.0,116891.0,84189.0,,,
Mexico,3942055.0,4049589.3,4050895.1,4234647.7,4192552.1,4356929.7,4365238.3,4569585.5,4444960.0,4625437.1,4672511.3,4829201.1,4743188.5,4996164.2,5040718.2,5348986.5,5331244.2,5452593.3,5431331.6,5718998.4,5666917.2,5910993.4,5847669.4,6097667.2,6023123.2,6128287.3,6068063.5,6223540.3,6122646.4,5011515.6,5775725.5,,
Moldova,23518.1187194748,28351.570183167998,35832.8994747245,31830.282341772097,25632.5766926342,31383.370202541402,40774.619374047994,35691.0680563561,29177.6061178604,34115.6224771767,42949.0621114357,39511.35172666,32330.6463738988,37571.4658583379,47568.556655602304,43343.894728675696,35132.5448242223,40701.4480243377,54233.510052925005,48813.386976989,37908.295743796,44693.6348197504,58217.2925696453,51689.329595205905,41214.9595531117,49758.5075057067,64410.4448810061,54967.1712593984,43685.327064558,44630.0,61720.0,,Moldova
Mongolia,3508102.4,5077543.4,5281732.4,5306864.3,4222086.5,5970325.3,6366832.3,5667810.2,4643453.6,6041806.6,6463642.6,6001482.8,4738100.2,6221958.2,6290160.8,6692647.2,5831456.6,7240074.5,7317453.0,7506540.1,6758521.9,8408131.4,8293359.5,,,,,,,,,,
Montenegro,637.774,788.14,1101.898,834.668,663.637,800.422,1125.016,868.847,686.296,859.338,1189.223,919.654,729.495,920.47,1291.329,1012.918,783.809,1008.271,1416.293,1090.718,848.707,1108.226,1531.056,1175.14,890.699,1160.642,1646.507,1252.868,917.397,902.358,1213.405,,
Morocco,216036.001455973,218589.757812542,216511.73344639302,221653.74234952498,220144.92329116198,230247.0,222894.0,237074.0,245666.0,242731.0,243917.0,254017.0,247929.0,251806.0,250809.0,261830.0,258043.0,261789.0,262969.0,272593.0,,,,,,,,,,,,,
Netherlands,161409.0,168105.0,161493.0,169456.0,164432.0,169898.0,163863.0,173367.0,166535.0,175441.0,170501.0,177531.0,171335.0,179918.0,174235.0,182849.0,178225.0,187838.0,181702.0,190381.0,188086.0,196773.0,190226.0,198902.0,196565.0,206487.0,199281.0,207914.0,200967.0,191318.0,198782.0,,Netherlands
New Zealand,55511.0,54959.0,55136.0,62501.0,60197.0,59119.0,57816.0,63756.0,61979.0,62025.0,60895.0,66687.0,65734.0,65376.0,64355.0,71412.0,70279.0,69715.0,69451.0,77356.0,74742.0,74552.0,73190.0,80390.0,78588.0,78071.0,77116.0,85086.0,81741.0,72509.0,81362.0,,
Nigeria,18522185.1,20149674.2,20703824.6,21634280.8,20381903.54,21957446.05,23232819.39,24564815.67,21242543.07,23080911.17,24627752.28,26226529.16,22435464.2918612,23737297.493316,26871010.7565154,29531645.4928978,26228851.5219864,,,,,,,,32086120.0,35300949.99999999,38222339.99999999,40029720.0,35969900.0,34336900.0,39714721.4102612,44230798.70465765,
North Macedonia,109082.251118,127692.709519,131072.031106,134044.008258,120689.7161,134262.152212,134107.438979,138571.692709,128439.382424,138813.886765,143586.616136,148113.730132,135707.090555,146029.486957,154078.798642,158979.423667,143436.117954,150671.575279,159616.72379,164381.265329,151105.433479,162905.333716,167471.460326,179395.971606,156168.015115,170946.55381,176796.761956,185513.41282,160681.094418,143918.396644,171596.080849,,North Macedonia
Norway,747988.0,759090.0,752187.0,811959.0,795088.0,770454.0,763222.0,812050.0,778574.0,779478.0,762868.0,790248.0,748858.0,779503.0,747380.0,822407.0,832832.0,802759.0,792092.0,867699.0,868912.0,882148.0,866856.0,935984.0,907658.0,873796.0,853188.0,933847.0,899799.0,789686.0,817468.0,,
Paraguay,42269507.144255206,40792316.9895179,39779858.3580005,43872904.379174896,45091738.504030704,43924386.0422939,43118038.6819105,48039897.738010705,46335230.220322,45783721.1228516,45927385.9870861,50430989.6471692,49313793.427463,49470525.9966748,51224527.2472483,54638426.403662294,55005391.1376253,52606409.345997706,53511254.1133966,57999222.605811395,58316904.8340232,57183850.2685721,54583175.5157072,60492546.8521087,58615540.7252924,56559560.0411888,57584513.01086821,63807089.852506705,62038489.320261896,54018348.5204335,58517738.5892689,,
Peru,122916.39196233501,133263.115068969,135728.927507999,142798.209241881,134852.655695334,142909.403314003,145943.50224609202,152674.490120715,140937.597806287,152929.28814549398,154507.508538536,164129.965844926,152606.275964585,163069.08864758202,167107.483627075,175932.038068679,162726.77356734,,,,,,,,,,,,,,,,
Philippines,2772721.4385307003,2993984.5304359198,2914503.45234066,3369382.56295328,3035914.95606229,3296724.1442254703,3174415.96062809,3699773.1907760897,3204277.04908436,3493899.83543278,3330582.62045777,3915397.94278976,3437649.71576621,3791145.29416085,3644978.90478548,4258607.5554607995,3745533.02946266,4153954.13850262,4017921.7761769798,4639242.139083589,4101138.00517726,4568791.816968651,4450212.826197441,5145047.60981839,4422950.884017151,4857262.38391061,4729028.446990481,5507176.55592438,4473249.59576289,,,,
Poland,378756.5,399916.3,405103.5,462947.6,396634.7,416337.9,423147.9,475123.7,414810.9,434588.4,440965.8,510746.9,430411.3,451043.3,455789.3,526243.0,458677.9,479296.2,491469.1,560391.4,488230.0,509006.0,526563.4,597755.6,526340.7,553235.5,568172.8,639989.3,556426.7,528177.5,582494.9,,Poland
Portugal,40736.595,42240.485,43458.0,44057.189,41069.006,43644.072,44390.534,43950.079,42849.102,45445.377,45983.071,45435.609,44687.97,47011.701,47638.577,47151.563,46646.14,49343.704,49945.461,50011.905,48732.848,51366.897,52376.156,52708.223,50896.914,53352.214,54200.827,54851.092,50762.042,46400.772,52065.353,,
Qatar,184386.905790267,174597.25778433302,180040.86592597602,184343.590944064,196893.09675546899,189356.65249320498,188804.036142763,175603.753383793,154131.260899508,152091.756899733,148999.35899804402,144072.468402173,131794.0,134814.0,141278.0,147100.0,,,,,,,,,,,,,,,,,
Romania,121218.2,147866.6,175153.6,190729.4,129532.8,156932.9,184502.6,198735.6,139809.6,162825.6,197342.6,211952.1,146977.1,179192.5,207632.9,229850.0,164727.8,197201.4,237636.6,258329.9,180660.3,220882.1,264044.4,286141.7,202920.0,245061.8,290460.8,321360.6,215965.2,223130.3,285216.7,,
Russian Federation,16370002.9,17507881.8,19003469.3,20104347.1,17311393.6,19044189.4,20544004.2,22130452.9,18467912.8,19751015.0,21788589.4,23079842.9,18885121.1,20452234.6,22235115.2,24043612.8,20586119.1,21917573.8,23718216.2,25621245.2,22845267.3,25225572.0,27508923.9,29049874.5,24944791.2,26410242.4,28875418.6,29815599.4,,,,,
Rwanda,1187000.0,1225000.0,1226000.0,1295000.0,1322000.0,1354000.0,1396000.0,1394000.0,1424000.0,1458000.0,1518000.0,1561000.0,1594000.0,1620000.0,1672000.0,1736000.0,1817000.0,1869000.0,1927000.0,1985000.0,1986000.0,2000000.0,2065000.0,2137000.0,,,,,,,,,
Samoa,446.6,435.7,442.7,440.4,435.6,439.2,474.2,471.5,479.1,486.1,531.9,518.0,527.1,512.3,543.8,524.6,526.7,515.0,537.4,528.5,528.5,513.9,546.8,570.6,557.5,556.3,581.9,545.7,543.9,489.9,,,
Saudi Arabia,702563.813683797,692774.3176463869,701752.521418211,702836.0803570839,746219.903191927,726232.13767404,723184.1803604029,640677.235264282,642110.526335894,633736.535587663,606991.682577194,570673.481984979,576101.4559386851,600753.735113221,605080.485719073,636572.664300889,634716.532801549,624765.627593186,644513.350425311,678202.4682275,699190.7159665341,738850.5361737299,745061.5102923161,766354.10596226,718543.144208242,740031.796500574,745369.331716667,769681.370788439,,,,,
Senegal,,,,,,,,,,,,,,,,,,,,,,,,,3133600.0,3227700.0,3232400.0,4266000.0,3307200.0,3238800.0,3231200.0,,
Serbia,933676.115625,1018453.340571,1063810.639469,1105260.056703,959647.721819,1031703.867988,1052365.728671,1116831.144942,976762.126328,1075859.328905,1099389.07614,1163009.871866,1027236.503191,1122564.873181,1159399.995169,1218990.512547,1078957.88753,1180080.006071,1220203.629355,1281444.827044,1153023.651944,1262944.775365,1306236.419281,1350727.395333,1207720.626939,1336522.374288,1402128.23667,1471353.6832,1302510.529296,1266916.289776,1398780.773312,,Serbia
Seychelles,3882.04696502886,3924.86932067996,3993.3700175391596,4214.23971819319,4148.88771773602,4122.59961092934,4253.1780110239,4594.521313548509,4476.49582217716,4451.59530224346,4646.04096171002,4765.69928841172,4683.56450760225,4689.32552843926,4727.159244793161,4914.00689457351,4963.90419442333,4984.30241214526,5137.2263366854095,5204.576580390741,,,,,,,,,,,,,
Singapore,93773.0,95587.2,96028.3,99481.8,97120.8,98340.9,99544.7,103941.5,103265.1,104436.6,106263.8,109478.6,106010.0,107670.7,109770.3,116767.2,115703.6,114447.3,116683.2,125245.0,120635.1,123701.7,127699.0,131359.4,125745.4,125250.6,127910.5,128661.2,,,,,
Slovak Republic,17228.507,18607.212,19631.446,18981.597,17564.872,19011.877,20145.477,19547.573,18230.766,19856.327,21047.56,20632.911,18645.574,20288.509,21186.422,20930.994,19197.586,21150.273,22222.352,21961.98,20266.927,22483.983,23696.528,23058.068,21587.858,23587.193,24513.295,24176.831,21451.789,21131.773,24440.073,,Slovak Republic
Slovenia,8467.065341,9320.223457,9348.781688,9318.262188,8785.638048,9659.245116,9687.910509,9501.498332,9046.138338,9852.733251,9975.648895,9978.120248,9392.407596,10295.052761,10371.094896,10384.661515,9887.782234,10871.869922,11016.373298,11233.103597,10575.765445,11517.586019,11835.08649,11934.155247,11252.047768,12189.931304,12488.889091,12461.683058,11273.937557,10901.183815,12158.327275,,Slovenia
South Africa,841916.117006,877803.371479,900821.730522,919435.753414,916398.130402,939966.429518,965656.764887,983328.253467,976974.309464,1005469.08249,1021882.731339,1047094.547185,1052551.721422,1079829.24379,1096006.724383,1121926.491344,1114987.237187,1149842.474303,1178807.09865,1208147.969424,,,,,,,,,,,,,
Spain,246846.0,259228.0,251199.0,263075.0,248197.0,260733.0,254780.0,268448.0,257233.0,272132.0,266375.0,281850.0,265844.0,281788.0,275793.0,290415.0,276574.0,294157.0,287429.0,303707.0,286806.0,305083.0,297131.0,315221.0,298529.0,315695.0,305647.0,324901.0,290523.0,250776.0,280458.0,,
Sri Lanka,2407674.07495138,2332841.75320417,2425773.0799716897,2425836.0160143,2529211.0,2507968.0,2646734.0,2764566.0,2653430.70161679,2673185.60376769,2785399.88884119,2838604.3224062,2907241.1251138197,2872373.7459936603,2942082.7988026002,3185054.38985958,3261838.20176892,3153644.8449382596,3328461.69184706,3545522.26616388,,,,,,,,,,,,,
Sweden,919673.0,979878.0,924681.0,998439.0,951259.0,1023626.0,968754.0,1049091.0,1010436.0,1092097.0,1032860.0,1125077.0,1048249.0,1136446.0,1058650.0,1171686.0,1105221.0,1189075.0,1107745.0,1223053.0,1157617.0,1248970.0,1147467.0,1274252.0,1208426.0,1291500.0,1208196.0,1316069.0,1239227.0,1215957.0,1186493.0,,
Switzerland,159589.61983,165248.2683,165900.362832,169910.514505,163431.47643,167991.917073,168639.839354,172754.97311,164653.245467,168369.428084,169421.281234,173291.691192,166919.478177,171784.574013,171732.24977,175004.682274,168653.137946,171953.863714,173899.985951,179187.137783,174321.768504,181118.658445,179741.768406,184431.593196,177765.19049,181848.202555,181516.169614,185791.377282,175815.105694,166698.007785,177545.247257,,
Thailand,3287583.0,3139844.0,3178279.0,3309452.0,3322191.0,3242832.0,3257778.0,3407500.0,3431781.0,3333228.0,3416356.0,3562098.0,3598693.0,3557831.0,3628874.0,3807197.0,3830987.0,3752139.0,3853827.0,4049598.0,4050238.0,3998361.0,4063328.0,4253645.0,4217970.0,4147950.0,4175125.0,4334846.0,4161945.0,3546985.0,,,
Turkey,388660.855,444833.479,494782.613,495150.368,454056.288,490144.355,551348.075,559349.11,500472.611,566138.634,634505.317,649824.781,567941.668,635574.637,670483.688,752559.717,654453.584,740272.382,839912.11,899066.192,796554.437,898229.274,1036561.053,1026970.857,925360.236,1028470.103,1158060.428,1208300.46,1073816.246,1041339.497,1419482.738,,
Ukraine,303753.0,354814.0,398000.0,408631.0,316905.0,382391.0,440476.0,447143.0,375991.0,456715.0,566997.0,588841.0,455298.0,535701.0,671456.0,722912.0,592523.0,665233.0,834287.0,891839.0,705977.0,810174.0,994810.0,1049635.0,815123.0,932677.0,1111862.0,1114902.0,845829.0,867782.0,,,
United Kingdom,439582.0,438760.0,444285.0,457709.0,465014.0,461383.0,463493.0,473118.0,475839.0,477094.0,477690.0,489018.0,492993.0,496451.0,494296.0,510972.0,514962.0,510912.0,513830.0,529053.0,528688.0,530063.0,534823.0,548218.0,550646.0,545539.0,552691.0,568911.0,554817.0,470856.0,525808.0,,
United States,4049584.0,4163863.0,4234415.0,4336990.0,4193475.0,4355448.0,4449960.0,4528375.0,4381185.0,4563206.0,4614948.0,4665441.0,4488764.0,4678299.0,4734573.0,4813405.0,4649728.0,4863682.0,4940866.0,5065149.0,4917129.0,5141726.0,5209973.0,5311394.0,5148400.0,5360917.0,5404652.0,5517583.0,5251691.0,,,,
Uruguay,271714.585656299,284426.94637620397,294813.23225972604,327376.945574836,314521.178330987,323686.101611476,328921.408498501,363379.67289205,348894.166716932,347755.801175351,365657.980209178,393540.27437138895,384061.83061396005,382547.44848651,395844.55195610796,426741.543821558,417423.665728822,408742.38658655295,421086.134292872,459856.445336992,444841.000881737,443000.50952747604,458149.18096192,492659.429563393,,,,,,,,,
West Bank and Gaza,2829.1,3145.5,3183.1,3318.3,3171.8,3309.8,3188.7,3045.3,2936.3,3183.8,3216.4,3336.5,3233.9,3363.9,3457.5,3370.4,3387.3,3653.7,3728.3,3728.8,3689.9,3559.5,,,,,,,,,,,
